id,query,language,is_code_mixed,answerability,ground_truth_answer,relevant_chunk_ids,source_doc,difficulty,category
QA_0001,What is the minimum passing marks in the end semester examination?,English,False,ANSWERABLE,"To pass a course, a student must score at least 30% marks in the end term exam and a total of 40 marks out of 100 overall.",107,examination_manual.pdf,standard,examination_passing
QA_0002,How many marks are required out of 100 to pass a course?,English,False,ANSWERABLE,"To pass a course, a student must score at least 30% marks in the end term exam and a total of 40 marks out of 100 overall.",107,examination_manual.pdf,standard,examination_passing
QA_0003,What percentage is required in end term exam to pass?,English,False,ANSWERABLE,"To pass a course, a student must score at least 30% marks in the end term exam and a total of 40 marks out of 100 overall.",107,examination_manual.pdf,standard,examination_passing
QA_0004,What are the passing criteria for semester courses?,English,False,ANSWERABLE,"To pass a course, a student must score at least 30% marks in the end term exam and a total of 40 marks out of 100 overall.",107,examination_manual.pdf,standard,examination_passing
QA_0005,एंड सेमेस्टर परीक्षा पास करने के लिए न्यूनतम कितने प्रतिशत अंक चाहिए?,Indic,False,ANSWERABLE,"To pass a course, a student must score at least 30% marks in the end term exam and a total of 40 marks out of 100 overall.",107,examination_manual.pdf,cross_lingual,examination_passing
QA_0006,किसी कोर्स को पास करने के लिए 100 में से कितने अंक आवश्यक हैं?,Indic,False,ANSWERABLE,"To pass a course, a student must score at least 30% marks in the end term exam and a total of 40 marks out of 100 overall.",107,examination_manual.pdf,cross_lingual,examination_passing
QA_0007,परीक्षा में पास होने के लिए एंड टर्म में न्यूनतम कितने अंक लाने होते हैं?,Indic,False,ANSWERABLE,"To pass a course, a student must score at least 30% marks in the end term exam and a total of 40 marks out of 100 overall.",107,examination_manual.pdf,cross_lingual,examination_passing
QA_0008,कोर्स पास करने के लिए पासिंग क्राइटेरिया क्या है?,Indic,False,ANSWERABLE,"To pass a course, a student must score at least 30% marks in the end term exam and a total of 40 marks out of 100 overall.",107,examination_manual.pdf,cross_lingual,examination_passing
QA_0009,End sem exam pass karne ke liye kitna percentage marks chahiye?,Code-Mixed,True,ANSWERABLE,"To pass a course, a student must score at least 30% marks in the end term exam and a total of 40 marks out of 100 overall.",107,examination_manual.pdf,code_mixed,examination_passing
QA_0010,Course pass karne ke liye 100 me se kitne number compulsory hain?,Code-Mixed,True,ANSWERABLE,"To pass a course, a student must score at least 30% marks in the end term exam and a total of 40 marks out of 100 overall.",107,examination_manual.pdf,code_mixed,examination_passing
QA_0011,End term exam me passing marks kitna hota hai?,Code-Mixed,True,ANSWERABLE,"To pass a course, a student must score at least 30% marks in the end term exam and a total of 40 marks out of 100 overall.",107,examination_manual.pdf,code_mixed,examination_passing
QA_0012,Semester course clear karne ka passing criteria kya hai?,Code-Mixed,True,ANSWERABLE,"To pass a course, a student must score at least 30% marks in the end term exam and a total of 40 marks out of 100 overall.",107,examination_manual.pdf,code_mixed,examination_passing
QA_0013,What happens if a student receives an F grade in a course?,English,False,ANSWERABLE,"The 'F' grade denotes failing a course. A student must repeat all courses in which an 'F' grade is obtained until a passing grade is achieved, with no grade points awarded.",155,examination_manual.pdf,standard,f_grade_repeat
QA_0014,Does an F grade carry any grade points?,English,False,ANSWERABLE,"The 'F' grade denotes failing a course. A student must repeat all courses in which an 'F' grade is obtained until a passing grade is achieved, with no grade points awarded.",155,examination_manual.pdf,standard,f_grade_repeat
QA_0015,What is the rule for repeating courses with an F grade?,English,False,ANSWERABLE,"The 'F' grade denotes failing a course. A student must repeat all courses in which an 'F' grade is obtained until a passing grade is achieved, with no grade points awarded.",155,examination_manual.pdf,standard,f_grade_repeat
QA_0016,Can a student graduate with an F grade without repeating?,English,False,ANSWERABLE,"The 'F' grade denotes failing a course. A student must repeat all courses in which an 'F' grade is obtained until a passing grade is achieved, with no grade points awarded.",155,examination_manual.pdf,standard,f_grade_repeat
QA_0017,यदि किसी छात्र को किसी कोर्स में F ग्रेड मिलता है तो क्या नियम है?,Indic,False,ANSWERABLE,"The 'F' grade denotes failing a course. A student must repeat all courses in which an 'F' grade is obtained until a passing grade is achieved, with no grade points awarded.",155,examination_manual.pdf,cross_lingual,f_grade_repeat
QA_0018,क्या F ग्रेड में कोई ग्रेड पॉइंट मिलता है?,Indic,False,ANSWERABLE,"The 'F' grade denotes failing a course. A student must repeat all courses in which an 'F' grade is obtained until a passing grade is achieved, with no grade points awarded.",155,examination_manual.pdf,cross_lingual,f_grade_repeat
QA_0019,F ग्रेड आने पर क्या कोर्स दोबारा पढ़ना अनिवार्य है?,Indic,False,ANSWERABLE,"The 'F' grade denotes failing a course. A student must repeat all courses in which an 'F' grade is obtained until a passing grade is achieved, with no grade points awarded.",155,examination_manual.pdf,cross_lingual,f_grade_repeat
QA_0020,F ग्रेड के लिए विश्वविद्यालय की क्या नीति है?,Indic,False,ANSWERABLE,"The 'F' grade denotes failing a course. A student must repeat all courses in which an 'F' grade is obtained until a passing grade is achieved, with no grade points awarded.",155,examination_manual.pdf,cross_lingual,f_grade_repeat
QA_0021,Agar course me F grade aa jaye toh kya repeat karna padega?,Code-Mixed,True,ANSWERABLE,"The 'F' grade denotes failing a course. A student must repeat all courses in which an 'F' grade is obtained until a passing grade is achieved, with no grade points awarded.",155,examination_manual.pdf,code_mixed,f_grade_repeat
QA_0022,Kya F grade aane par koi grade points milte hain?,Code-Mixed,True,ANSWERABLE,"The 'F' grade denotes failing a course. A student must repeat all courses in which an 'F' grade is obtained until a passing grade is achieved, with no grade points awarded.",155,examination_manual.pdf,code_mixed,f_grade_repeat
QA_0023,F grade clear karne ke liye university ka rule kya hai?,Code-Mixed,True,ANSWERABLE,"The 'F' grade denotes failing a course. A student must repeat all courses in which an 'F' grade is obtained until a passing grade is achieved, with no grade points awarded.",155,examination_manual.pdf,code_mixed,f_grade_repeat
QA_0024,F grade milne par student ko kya procedure follow karna hota hai?,Code-Mixed,True,ANSWERABLE,"The 'F' grade denotes failing a course. A student must repeat all courses in which an 'F' grade is obtained until a passing grade is achieved, with no grade points awarded.",155,examination_manual.pdf,code_mixed,f_grade_repeat
QA_0025,Under what conditions can an admit card or exam permission be withdrawn?,English,False,ANSWERABLE,Permission to appear in an examination or the admit card may be withdrawn if issued by mistake or if the student was not eligible.,41,examination_manual.pdf,standard,admit_card_withdrawal
QA_0026,Can the university cancel examination permission if issued by mistake?,English,False,ANSWERABLE,Permission to appear in an examination or the admit card may be withdrawn if issued by mistake or if the student was not eligible.,41,examination_manual.pdf,standard,admit_card_withdrawal
QA_0027,What happens if an ineligible student was given an admit card?,English,False,ANSWERABLE,Permission to appear in an examination or the admit card may be withdrawn if issued by mistake or if the student was not eligible.,41,examination_manual.pdf,standard,admit_card_withdrawal
QA_0028,When can exam hall permission be cancelled by the examination office?,English,False,ANSWERABLE,Permission to appear in an examination or the admit card may be withdrawn if issued by mistake or if the student was not eligible.,41,examination_manual.pdf,standard,admit_card_withdrawal
QA_0029,परीक्षा प्रवेश पत्र (Admit Card) किन परिस्थितियों में वापस लिया जा सकता है?,Indic,False,ANSWERABLE,Permission to appear in an examination or the admit card may be withdrawn if issued by mistake or if the student was not eligible.,41,examination_manual.pdf,cross_lingual,admit_card_withdrawal
QA_0030,यदि गलती से एडमिट कार्ड जारी हो गया हो तो क्या परीक्षा अनुमति रद्द हो सकती है?,Indic,False,ANSWERABLE,Permission to appear in an examination or the admit card may be withdrawn if issued by mistake or if the student was not eligible.,41,examination_manual.pdf,cross_lingual,admit_card_withdrawal
QA_0031,परीक्षा में बैठने की अनुमति कब वापस ली जा सकती है?,Indic,False,ANSWERABLE,Permission to appear in an examination or the admit card may be withdrawn if issued by mistake or if the student was not eligible.,41,examination_manual.pdf,cross_lingual,admit_card_withdrawal
QA_0032,क्या अपात्र छात्रों का एडमिट कार्ड रद्द किया जा सकता है?,Indic,False,ANSWERABLE,Permission to appear in an examination or the admit card may be withdrawn if issued by mistake or if the student was not eligible.,41,examination_manual.pdf,cross_lingual,admit_card_withdrawal
QA_0033,Admit card ya exam permission kin conditions me withdraw ho sakti hai?,Code-Mixed,True,ANSWERABLE,Permission to appear in an examination or the admit card may be withdrawn if issued by mistake or if the student was not eligible.,41,examination_manual.pdf,code_mixed,admit_card_withdrawal
QA_0034,Agar admit card galti se issue ho gaya ho toh kya cancel ho sakta hai?,Code-Mixed,True,ANSWERABLE,Permission to appear in an examination or the admit card may be withdrawn if issued by mistake or if the student was not eligible.,41,examination_manual.pdf,code_mixed,admit_card_withdrawal
QA_0035,Ineligible student ko mila hua admit card university cancel kar sakti hai kya?,Code-Mixed,True,ANSWERABLE,Permission to appear in an examination or the admit card may be withdrawn if issued by mistake or if the student was not eligible.,41,examination_manual.pdf,code_mixed,admit_card_withdrawal
QA_0036,Exam hall me appear hone ki permission kab wapas li ja sakti hai?,Code-Mixed,True,ANSWERABLE,Permission to appear in an examination or the admit card may be withdrawn if issued by mistake or if the student was not eligible.,41,examination_manual.pdf,code_mixed,admit_card_withdrawal
QA_0037,What categories of scholarships are offered by Bennett University?,English,False,ANSWERABLE,"Bennett University offers Admission Scholarships (Merit, Sibling, Single Girl Child, Ward of Defence Personnel, Alumni, and Times Group rebate) and Academic Scholarships for continuing students.",327;330,scholarship_policy.pdf,standard,scholarship_categories
QA_0038,What are the types of on-admission scholarships available?,English,False,ANSWERABLE,"Bennett University offers Admission Scholarships (Merit, Sibling, Single Girl Child, Ward of Defence Personnel, Alumni, and Times Group rebate) and Academic Scholarships for continuing students.",327;330,scholarship_policy.pdf,standard,scholarship_categories
QA_0039,Does Bennett University offer a Single Girl Child scholarship?,English,False,ANSWERABLE,"Bennett University offers Admission Scholarships (Merit, Sibling, Single Girl Child, Ward of Defence Personnel, Alumni, and Times Group rebate) and Academic Scholarships for continuing students.",327;330,scholarship_policy.pdf,standard,scholarship_categories
QA_0040,What scholarships exist for wards of defence personnel?,English,False,ANSWERABLE,"Bennett University offers Admission Scholarships (Merit, Sibling, Single Girl Child, Ward of Defence Personnel, Alumni, and Times Group rebate) and Academic Scholarships for continuing students.",327;330,scholarship_policy.pdf,standard,scholarship_categories
QA_0041,बेनेट विश्वविद्यालय द्वारा कौन-कौन सी छात्रवृत्तियां (Scholarships) प्रदान की जाती हैं?,Indic,False,ANSWERABLE,"Bennett University offers Admission Scholarships (Merit, Sibling, Single Girl Child, Ward of Defence Personnel, Alumni, and Times Group rebate) and Academic Scholarships for continuing students.",327;330,scholarship_policy.pdf,cross_lingual,scholarship_categories
QA_0042,प्रवेश के समय मिलने वाली छात्रवृत्तियों की श्रेणियां क्या हैं?,Indic,False,ANSWERABLE,"Bennett University offers Admission Scholarships (Merit, Sibling, Single Girl Child, Ward of Defence Personnel, Alumni, and Times Group rebate) and Academic Scholarships for continuing students.",327;330,scholarship_policy.pdf,cross_lingual,scholarship_categories
QA_0043,क्या विश्वविद्यालय में सिंगल गर्ल चाइल्ड के लिए छात्रवृत्ति है?,Indic,False,ANSWERABLE,"Bennett University offers Admission Scholarships (Merit, Sibling, Single Girl Child, Ward of Defence Personnel, Alumni, and Times Group rebate) and Academic Scholarships for continuing students.",327;330,scholarship_policy.pdf,cross_lingual,scholarship_categories
QA_0044,रक्षा कर्मियों (Defence Personnel) के बच्चों के लिए क्या कोई विशेष छात्रवृत्ति है?,Indic,False,ANSWERABLE,"Bennett University offers Admission Scholarships (Merit, Sibling, Single Girl Child, Ward of Defence Personnel, Alumni, and Times Group rebate) and Academic Scholarships for continuing students.",327;330,scholarship_policy.pdf,cross_lingual,scholarship_categories
QA_0045,Bennett University me kaun kaun si scholarship categories milti hain?,Code-Mixed,True,ANSWERABLE,"Bennett University offers Admission Scholarships (Merit, Sibling, Single Girl Child, Ward of Defence Personnel, Alumni, and Times Group rebate) and Academic Scholarships for continuing students.",327;330,scholarship_policy.pdf,code_mixed,scholarship_categories
QA_0046,Admission ke time par kaun si scholarship schemes available hain?,Code-Mixed,True,ANSWERABLE,"Bennett University offers Admission Scholarships (Merit, Sibling, Single Girl Child, Ward of Defence Personnel, Alumni, and Times Group rebate) and Academic Scholarships for continuing students.",327;330,scholarship_policy.pdf,code_mixed,scholarship_categories
QA_0047,Kya Single Girl Child ke liye koi specific scholarship hai?,Code-Mixed,True,ANSWERABLE,"Bennett University offers Admission Scholarships (Merit, Sibling, Single Girl Child, Ward of Defence Personnel, Alumni, and Times Group rebate) and Academic Scholarships for continuing students.",327;330,scholarship_policy.pdf,code_mixed,scholarship_categories
QA_0048,Defence personnel ke bacho ke liye kya scholarship policy hai?,Code-Mixed,True,ANSWERABLE,"Bennett University offers Admission Scholarships (Merit, Sibling, Single Girl Child, Ward of Defence Personnel, Alumni, and Times Group rebate) and Academic Scholarships for continuing students.",327;330,scholarship_policy.pdf,code_mixed,scholarship_categories
QA_0049,What happens if a student qualifies for more than one scholarship?,English,False,ANSWERABLE,"In cases where a student qualifies for multiple scholarships, only the scholarship with the highest monetary value is awarded.",327,scholarship_policy.pdf,standard,scholarship_highest_value
QA_0050,Can a student combine two scholarships at Bennett University?,English,False,ANSWERABLE,"In cases where a student qualifies for multiple scholarships, only the scholarship with the highest monetary value is awarded.",327,scholarship_policy.pdf,standard,scholarship_highest_value
QA_0051,Is a student allowed to avail both sibling and merit scholarships together?,English,False,ANSWERABLE,"In cases where a student qualifies for multiple scholarships, only the scholarship with the highest monetary value is awarded.",327,scholarship_policy.pdf,standard,scholarship_highest_value
QA_0052,Which scholarship is awarded if a candidate is eligible for multiple schemes?,English,False,ANSWERABLE,"In cases where a student qualifies for multiple scholarships, only the scholarship with the highest monetary value is awarded.",327,scholarship_policy.pdf,standard,scholarship_highest_value
QA_0053,यदि कोई छात्र एक से अधिक छात्रवृत्ति के लिए पात्र हो तो कौन सी छात्रवृत्ति दी जाएगी?,Indic,False,ANSWERABLE,"In cases where a student qualifies for multiple scholarships, only the scholarship with the highest monetary value is awarded.",327,scholarship_policy.pdf,cross_lingual,scholarship_highest_value
QA_0054,क्या एक साथ दो छात्रवृत्तियों का लाभ उठाया जा सकता है?,Indic,False,ANSWERABLE,"In cases where a student qualifies for multiple scholarships, only the scholarship with the highest monetary value is awarded.",327,scholarship_policy.pdf,cross_lingual,scholarship_highest_value
QA_0055,मल्टीपल स्कॉलरशिप मिलने पर विश्वविद्यालय का क्या नियम है?,Indic,False,ANSWERABLE,"In cases where a student qualifies for multiple scholarships, only the scholarship with the highest monetary value is awarded.",327,scholarship_policy.pdf,cross_lingual,scholarship_highest_value
QA_0056,क्या मेरिट और सिबलिंग स्कॉलरशिप दोनों एक साथ मिल सकती हैं?,Indic,False,ANSWERABLE,"In cases where a student qualifies for multiple scholarships, only the scholarship with the highest monetary value is awarded.",327,scholarship_policy.pdf,cross_lingual,scholarship_highest_value
QA_0057,Agar ek student multiple scholarships ke liye qualify kare toh kaun si milegi?,Code-Mixed,True,ANSWERABLE,"In cases where a student qualifies for multiple scholarships, only the scholarship with the highest monetary value is awarded.",327,scholarship_policy.pdf,code_mixed,scholarship_highest_value
QA_0058,Kya do scholarships ek saath combine kar sakte hain?,Code-Mixed,True,ANSWERABLE,"In cases where a student qualifies for multiple scholarships, only the scholarship with the highest monetary value is awarded.",327,scholarship_policy.pdf,code_mixed,scholarship_highest_value
QA_0059,Multiple scholarships eligible hone par university ka rule kya hai?,Code-Mixed,True,ANSWERABLE,"In cases where a student qualifies for multiple scholarships, only the scholarship with the highest monetary value is awarded.",327,scholarship_policy.pdf,code_mixed,scholarship_highest_value
QA_0060,Kya sibling discount aur merit scholarship dono saath me avail ho sakti hain?,Code-Mixed,True,ANSWERABLE,"In cases where a student qualifies for multiple scholarships, only the scholarship with the highest monetary value is awarded.",327,scholarship_policy.pdf,code_mixed,scholarship_highest_value
QA_0061,What document is required to claim the Single Girl Child scholarship?,English,False,ANSWERABLE,"For the Single Girl Child scholarship, parents must submit an affidavit on Rs. 100 stamp paper notarized by a notary.",391,scholarship_policy.pdf,standard,single_girl_child_affidavit
QA_0062,What is the stamp paper denomination for the Single Girl Child affidavit?,English,False,ANSWERABLE,"For the Single Girl Child scholarship, parents must submit an affidavit on Rs. 100 stamp paper notarized by a notary.",391,scholarship_policy.pdf,standard,single_girl_child_affidavit
QA_0063,Who must execute the affidavit for the Single Girl Child scholarship?,English,False,ANSWERABLE,"For the Single Girl Child scholarship, parents must submit an affidavit on Rs. 100 stamp paper notarized by a notary.",391,scholarship_policy.pdf,standard,single_girl_child_affidavit
QA_0064,Is a notary affidavit required for the Single Girl Child rebate?,English,False,ANSWERABLE,"For the Single Girl Child scholarship, parents must submit an affidavit on Rs. 100 stamp paper notarized by a notary.",391,scholarship_policy.pdf,standard,single_girl_child_affidavit
QA_0065,सिंगल गर्ल चाइल्ड स्कॉलरशिप के लिए माता-पिता को कौन सा दस्तावेज देना होता है?,Indic,False,ANSWERABLE,"For the Single Girl Child scholarship, parents must submit an affidavit on Rs. 100 stamp paper notarized by a notary.",391,scholarship_policy.pdf,cross_lingual,single_girl_child_affidavit
QA_0066,सिंगल गर्ल चाइल्ड एफिडेविट के लिए कितने रुपये का स्टाम्प पेपर चाहिए?,Indic,False,ANSWERABLE,"For the Single Girl Child scholarship, parents must submit an affidavit on Rs. 100 stamp paper notarized by a notary.",391,scholarship_policy.pdf,cross_lingual,single_girl_child_affidavit
QA_0067,क्या सिंगल गर्ल चाइल्ड के लिए नोटरी एफिडेविट आवश्यक है?,Indic,False,ANSWERABLE,"For the Single Girl Child scholarship, parents must submit an affidavit on Rs. 100 stamp paper notarized by a notary.",391,scholarship_policy.pdf,cross_lingual,single_girl_child_affidavit
QA_0068,सिंगल गर्ल चाइल्ड छात्रवृत्ति का दावा करने के लिए क्या प्रमाण पत्र चाहिए?,Indic,False,ANSWERABLE,"For the Single Girl Child scholarship, parents must submit an affidavit on Rs. 100 stamp paper notarized by a notary.",391,scholarship_policy.pdf,cross_lingual,single_girl_child_affidavit
QA_0069,Single Girl Child scholarship claim karne ke liye kaun sa document chahiye?,Code-Mixed,True,ANSWERABLE,"For the Single Girl Child scholarship, parents must submit an affidavit on Rs. 100 stamp paper notarized by a notary.",391,scholarship_policy.pdf,code_mixed,single_girl_child_affidavit
QA_0070,Single Girl Child affidavit ke liye kitne rupees ka stamp paper lagta hai?,Code-Mixed,True,ANSWERABLE,"For the Single Girl Child scholarship, parents must submit an affidavit on Rs. 100 stamp paper notarized by a notary.",391,scholarship_policy.pdf,code_mixed,single_girl_child_affidavit
QA_0071,Kya Single Girl Child scholarship ke liye Rs 100 ka notary affidavit mandatory hai?,Code-Mixed,True,ANSWERABLE,"For the Single Girl Child scholarship, parents must submit an affidavit on Rs. 100 stamp paper notarized by a notary.",391,scholarship_policy.pdf,code_mixed,single_girl_child_affidavit
QA_0072,Parents ko single girl child ke liye kaun sa proof submit karna hota hai?,Code-Mixed,True,ANSWERABLE,"For the Single Girl Child scholarship, parents must submit an affidavit on Rs. 100 stamp paper notarized by a notary.",391,scholarship_policy.pdf,code_mixed,single_girl_child_affidavit
QA_0073,Under what circumstances can a merit scholarship be withdrawn?,English,False,ANSWERABLE,"Scholarship is withdrawn if advance fee is not deposited by the given due date, or if the student fails to produce documentary proof of eligibility.",336,scholarship_policy.pdf,standard,scholarship_withdrawal
QA_0074,What happens if a candidate fails to deposit the advance fee on time?,English,False,ANSWERABLE,"Scholarship is withdrawn if advance fee is not deposited by the given due date, or if the student fails to produce documentary proof of eligibility.",336,scholarship_policy.pdf,standard,scholarship_withdrawal
QA_0075,Can scholarship be revoked for failing to produce eligibility documents?,English,False,ANSWERABLE,"Scholarship is withdrawn if advance fee is not deposited by the given due date, or if the student fails to produce documentary proof of eligibility.",336,scholarship_policy.pdf,standard,scholarship_withdrawal
QA_0076,When will a candidate forfeit their claim over the admission scholarship?,English,False,ANSWERABLE,"Scholarship is withdrawn if advance fee is not deposited by the given due date, or if the student fails to produce documentary proof of eligibility.",336,scholarship_policy.pdf,standard,scholarship_withdrawal
QA_0077,मेरिट छात्रवृत्ति किन परिस्थितियों में वापस (Withdrawn) ली जा सकती है?,Indic,False,ANSWERABLE,"Scholarship is withdrawn if advance fee is not deposited by the given due date, or if the student fails to produce documentary proof of eligibility.",336,scholarship_policy.pdf,cross_lingual,scholarship_withdrawal
QA_0078,यदि छात्र नियत तिथि तक अग्रिम शुल्क जमा न करे तो क्या होगा?,Indic,False,ANSWERABLE,"Scholarship is withdrawn if advance fee is not deposited by the given due date, or if the student fails to produce documentary proof of eligibility.",336,scholarship_policy.pdf,cross_lingual,scholarship_withdrawal
QA_0079,क्या पात्रता दस्तावेज प्रस्तुत न करने पर स्कॉलरशिप रद्द हो सकती है?,Indic,False,ANSWERABLE,"Scholarship is withdrawn if advance fee is not deposited by the given due date, or if the student fails to produce documentary proof of eligibility.",336,scholarship_policy.pdf,cross_lingual,scholarship_withdrawal
QA_0080,छात्रवृत्ति का अधिकार कब समाप्त हो जाता है?,Indic,False,ANSWERABLE,"Scholarship is withdrawn if advance fee is not deposited by the given due date, or if the student fails to produce documentary proof of eligibility.",336,scholarship_policy.pdf,cross_lingual,scholarship_withdrawal
QA_0081,Merit scholarship kin conditions me withdraw ho sakti hai?,Code-Mixed,True,ANSWERABLE,"Scholarship is withdrawn if advance fee is not deposited by the given due date, or if the student fails to produce documentary proof of eligibility.",336,scholarship_policy.pdf,code_mixed,scholarship_withdrawal
QA_0082,Advance fee time pe deposit na karne par scholarship ka kya hoga?,Code-Mixed,True,ANSWERABLE,"Scholarship is withdrawn if advance fee is not deposited by the given due date, or if the student fails to produce documentary proof of eligibility.",336,scholarship_policy.pdf,code_mixed,scholarship_withdrawal
QA_0083,Agar eligibility documents verify na ho payein toh kya scholarship cancel hogi?,Code-Mixed,True,ANSWERABLE,"Scholarship is withdrawn if advance fee is not deposited by the given due date, or if the student fails to produce documentary proof of eligibility.",336,scholarship_policy.pdf,code_mixed,scholarship_withdrawal
QA_0084,Scholarship forfeit hone ke kya reasons hain policy me?,Code-Mixed,True,ANSWERABLE,"Scholarship is withdrawn if advance fee is not deposited by the given due date, or if the student fails to produce documentary proof of eligibility.",336,scholarship_policy.pdf,code_mixed,scholarship_withdrawal
QA_0085,Who are the members of the Bennett University Scholarship Committee?,English,False,ANSWERABLE,"The verified list of eligible students for Merit Scholarships is reviewed by the Scholarship Committee comprising the Registrar, VP Admissions & Marketing, and Finance Controller.",327,scholarship_policy.pdf,standard,scholarship_committee
QA_0086,Does the Registrar review the merit scholarship list?,English,False,ANSWERABLE,"The verified list of eligible students for Merit Scholarships is reviewed by the Scholarship Committee comprising the Registrar, VP Admissions & Marketing, and Finance Controller.",327,scholarship_policy.pdf,standard,scholarship_committee
QA_0087,Which committee approves the verified list of eligible scholarship candidates?,English,False,ANSWERABLE,"The verified list of eligible students for Merit Scholarships is reviewed by the Scholarship Committee comprising the Registrar, VP Admissions & Marketing, and Finance Controller.",327,scholarship_policy.pdf,standard,scholarship_committee
QA_0088,Is the Finance Controller part of the Scholarship Committee?,English,False,ANSWERABLE,"The verified list of eligible students for Merit Scholarships is reviewed by the Scholarship Committee comprising the Registrar, VP Admissions & Marketing, and Finance Controller.",327,scholarship_policy.pdf,standard,scholarship_committee
QA_0089,बेनेट विश्वविद्यालय की छात्रवृत्ति समिति (Scholarship Committee) में कौन-कौन शामिल हैं?,Indic,False,ANSWERABLE,"The verified list of eligible students for Merit Scholarships is reviewed by the Scholarship Committee comprising the Registrar, VP Admissions & Marketing, and Finance Controller.",327,scholarship_policy.pdf,cross_lingual,scholarship_committee
QA_0090,क्या कुलसचिव (Registrar) स्कॉलरशिप समिति के सदस्य हैं?,Indic,False,ANSWERABLE,"The verified list of eligible students for Merit Scholarships is reviewed by the Scholarship Committee comprising the Registrar, VP Admissions & Marketing, and Finance Controller.",327,scholarship_policy.pdf,cross_lingual,scholarship_committee
QA_0091,मेरिट छात्रवृत्ति सूची की समीक्षा कौन सी समिति करती है?,Indic,False,ANSWERABLE,"The verified list of eligible students for Merit Scholarships is reviewed by the Scholarship Committee comprising the Registrar, VP Admissions & Marketing, and Finance Controller.",327,scholarship_policy.pdf,cross_lingual,scholarship_committee
QA_0092,फाइनेंस कंट्रोलर का छात्रवृत्ति समिति में क्या पद है?,Indic,False,ANSWERABLE,"The verified list of eligible students for Merit Scholarships is reviewed by the Scholarship Committee comprising the Registrar, VP Admissions & Marketing, and Finance Controller.",327,scholarship_policy.pdf,cross_lingual,scholarship_committee
QA_0093,Scholarship Committee ke members kaun kaun hain Bennett University me?,Code-Mixed,True,ANSWERABLE,"The verified list of eligible students for Merit Scholarships is reviewed by the Scholarship Committee comprising the Registrar, VP Admissions & Marketing, and Finance Controller.",327,scholarship_policy.pdf,code_mixed,scholarship_committee
QA_0094,Kya Registrar aur Finance Controller scholarship review committee me hote hain?,Code-Mixed,True,ANSWERABLE,"The verified list of eligible students for Merit Scholarships is reviewed by the Scholarship Committee comprising the Registrar, VP Admissions & Marketing, and Finance Controller.",327,scholarship_policy.pdf,code_mixed,scholarship_committee
QA_0095,Merit scholarship eligible students ki list kaun approve karta hai?,Code-Mixed,True,ANSWERABLE,"The verified list of eligible students for Merit Scholarships is reviewed by the Scholarship Committee comprising the Registrar, VP Admissions & Marketing, and Finance Controller.",327,scholarship_policy.pdf,code_mixed,scholarship_committee
QA_0096,VP Admissions & Marketing kya scholarship committee ke member hain?,Code-Mixed,True,ANSWERABLE,"The verified list of eligible students for Merit Scholarships is reviewed by the Scholarship Committee comprising the Registrar, VP Admissions & Marketing, and Finance Controller.",327,scholarship_policy.pdf,code_mixed,scholarship_committee
QA_0097,What are the consequences of submitting false information in the admission application?,English,False,ANSWERABLE,"Submission of false information or omission of relevant credentials may result in application withdrawal, denial, or revocation of admission.",391;392,student_parent_undertaking.pdf,standard,undertaking_truthfulness
QA_0098,Can Bennett University revoke an admission if false credentials are detected later?,English,False,ANSWERABLE,"Submission of false information or omission of relevant credentials may result in application withdrawal, denial, or revocation of admission.",391;392,student_parent_undertaking.pdf,standard,undertaking_truthfulness
QA_0099,What undertaking is given by parents regarding document verification?,English,False,ANSWERABLE,"Submission of false information or omission of relevant credentials may result in application withdrawal, denial, or revocation of admission.",391;392,student_parent_undertaking.pdf,standard,undertaking_truthfulness
QA_0100,What happens if a student omits relevant educational credentials?,English,False,ANSWERABLE,"Submission of false information or omission of relevant credentials may result in application withdrawal, denial, or revocation of admission.",391;392,student_parent_undertaking.pdf,standard,undertaking_truthfulness
QA_0101,प्रवेश आवेदन में गलत जानकारी या झूठे दस्तावेज देने पर क्या परिणाम हो सकते हैं?,Indic,False,ANSWERABLE,"Submission of false information or omission of relevant credentials may result in application withdrawal, denial, or revocation of admission.",391;392,student_parent_undertaking.pdf,cross_lingual,undertaking_truthfulness
QA_0102,क्या बाद में फर्जी दस्तावेज पाए जाने पर विश्वविद्यालय प्रवेश रद्द कर सकता है?,Indic,False,ANSWERABLE,"Submission of false information or omission of relevant credentials may result in application withdrawal, denial, or revocation of admission.",391;392,student_parent_undertaking.pdf,cross_lingual,undertaking_truthfulness
QA_0103,दस्तावेज सत्यापन के संबंध में माता-पिता क्या वचनबद्धता देते हैं?,Indic,False,ANSWERABLE,"Submission of false information or omission of relevant credentials may result in application withdrawal, denial, or revocation of admission.",391;392,student_parent_undertaking.pdf,cross_lingual,undertaking_truthfulness
QA_0104,यदि कोई छात्र अपनी योग्यता से संबंधित तथ्य छुपाता है तो क्या कार्रवाई होगी?,Indic,False,ANSWERABLE,"Submission of false information or omission of relevant credentials may result in application withdrawal, denial, or revocation of admission.",391;392,student_parent_undertaking.pdf,cross_lingual,undertaking_truthfulness
QA_0105,Admission form me galat information submit karne pe kya consequences honge?,Code-Mixed,True,ANSWERABLE,"Submission of false information or omission of relevant credentials may result in application withdrawal, denial, or revocation of admission.",391;392,student_parent_undertaking.pdf,code_mixed,undertaking_truthfulness
QA_0106,Kya later date par false credentials detect hone par admission revoke ho sakta hai?,Code-Mixed,True,ANSWERABLE,"Submission of false information or omission of relevant credentials may result in application withdrawal, denial, or revocation of admission.",391;392,student_parent_undertaking.pdf,code_mixed,undertaking_truthfulness
QA_0107,Document verification ke regarding students aur parents kya undertaking dete hain?,Code-Mixed,True,ANSWERABLE,"Submission of false information or omission of relevant credentials may result in application withdrawal, denial, or revocation of admission.",391;392,student_parent_undertaking.pdf,code_mixed,undertaking_truthfulness
QA_0108,False documents ya deliberate omission par university kya action leti hai?,Code-Mixed,True,ANSWERABLE,"Submission of false information or omission of relevant credentials may result in application withdrawal, denial, or revocation of admission.",391;392,student_parent_undertaking.pdf,code_mixed,undertaking_truthfulness
QA_0109,What contact details must parents provide according to the undertaking?,English,False,ANSWERABLE,"Parents undertake to provide complete and correct contact details including telephone numbers, email IDs, and local guardian details for notices.",392;393,student_parent_undertaking.pdf,standard,undertaking_contact_details
QA_0110,Is the university responsible if a notice sent to a group fails to reach an individual?,English,False,ANSWERABLE,"Parents undertake to provide complete and correct contact details including telephone numbers, email IDs, and local guardian details for notices.",392;393,student_parent_undertaking.pdf,standard,undertaking_contact_details
QA_0111,Whose contact details must be submitted besides the parents' own details?,English,False,ANSWERABLE,"Parents undertake to provide complete and correct contact details including telephone numbers, email IDs, and local guardian details for notices.",392;393,student_parent_undertaking.pdf,standard,undertaking_contact_details
QA_0112,What is the parents' obligation regarding updated contact information?,English,False,ANSWERABLE,"Parents undertake to provide complete and correct contact details including telephone numbers, email IDs, and local guardian details for notices.",392;393,student_parent_undertaking.pdf,standard,undertaking_contact_details
QA_0113,अंडरटेकिंग के अनुसार माता-पिता को कौन से संपर्क विवरण (Contact details) देने होते हैं?,Indic,False,ANSWERABLE,"Parents undertake to provide complete and correct contact details including telephone numbers, email IDs, and local guardian details for notices.",392;393,student_parent_undertaking.pdf,cross_lingual,undertaking_contact_details
QA_0114,क्या किसी समूह नोटिस के व्यक्तिगत रूप से न पहुंचने पर विश्वविद्यालय उत्तरदायी है?,Indic,False,ANSWERABLE,"Parents undertake to provide complete and correct contact details including telephone numbers, email IDs, and local guardian details for notices.",392;393,student_parent_undertaking.pdf,cross_lingual,undertaking_contact_details
QA_0115,स्थानीय अभिभावक (Local Guardian) के संबंध में क्या नियम है?,Indic,False,ANSWERABLE,"Parents undertake to provide complete and correct contact details including telephone numbers, email IDs, and local guardian details for notices.",392;393,student_parent_undertaking.pdf,cross_lingual,undertaking_contact_details
QA_0116,संपर्क जानकारी के संबंध में अभिभावकों का क्या उत्तरदायित्व है?,Indic,False,ANSWERABLE,"Parents undertake to provide complete and correct contact details including telephone numbers, email IDs, and local guardian details for notices.",392;393,student_parent_undertaking.pdf,cross_lingual,undertaking_contact_details
QA_0117,Parents ko undertaking ke hisab se kaun si contact details provide karni hoti hain?,Code-Mixed,True,ANSWERABLE,"Parents undertake to provide complete and correct contact details including telephone numbers, email IDs, and local guardian details for notices.",392;393,student_parent_undertaking.pdf,code_mixed,undertaking_contact_details
QA_0118,Kya local guardian ka phone number aur email ID dena mandatory hai?,Code-Mixed,True,ANSWERABLE,"Parents undertake to provide complete and correct contact details including telephone numbers, email IDs, and local guardian details for notices.",392;393,student_parent_undertaking.pdf,code_mixed,undertaking_contact_details
QA_0119,Agar notice individual tak na pahuche toh kya university responsible hogi?,Code-Mixed,True,ANSWERABLE,"Parents undertake to provide complete and correct contact details including telephone numbers, email IDs, and local guardian details for notices.",392;393,student_parent_undertaking.pdf,code_mixed,undertaking_contact_details
QA_0120,Contact number update rakhne ke baare me undertaking me kya likha hai?,Code-Mixed,True,ANSWERABLE,"Parents undertake to provide complete and correct contact details including telephone numbers, email IDs, and local guardian details for notices.",392;393,student_parent_undertaking.pdf,code_mixed,undertaking_contact_details
QA_0121,What is Bennett University's policy regarding unfair means during examinations?,English,False,ANSWERABLE,Cheating or unfair means in any examination is strictly prohibited and subject to severe disciplinary penalties by the Examination Disciplinary Committee.,4;5;46,examination_manual.pdf,standard,unfair_means_examination
QA_0122,Which committee decides penalties for cheating in examinations?,English,False,ANSWERABLE,Cheating or unfair means in any examination is strictly prohibited and subject to severe disciplinary penalties by the Examination Disciplinary Committee.,4;5;46,examination_manual.pdf,standard,unfair_means_examination
QA_0123,Can cheating lead to cancellation of an entire semester's examinations?,English,False,ANSWERABLE,Cheating or unfair means in any examination is strictly prohibited and subject to severe disciplinary penalties by the Examination Disciplinary Committee.,4;5;46,examination_manual.pdf,standard,unfair_means_examination
QA_0124,What are the disciplinary consequences of malpractice in exams?,English,False,ANSWERABLE,Cheating or unfair means in any examination is strictly prohibited and subject to severe disciplinary penalties by the Examination Disciplinary Committee.,4;5;46,examination_manual.pdf,standard,unfair_means_examination
QA_0125,परीक्षा के दौरान अनुचित साधनों (Unfair Means) के प्रयोग पर विश्वविद्यालय की क्या नीति है?,Indic,False,ANSWERABLE,Cheating or unfair means in any examination is strictly prohibited and subject to severe disciplinary penalties by the Examination Disciplinary Committee.,4;5;46,examination_manual.pdf,cross_lingual,unfair_means_examination
QA_0126,परीक्षा में नकल करने पर दण्ड का निर्धारण कौन सी समिति करती है?,Indic,False,ANSWERABLE,Cheating or unfair means in any examination is strictly prohibited and subject to severe disciplinary penalties by the Examination Disciplinary Committee.,4;5;46,examination_manual.pdf,cross_lingual,unfair_means_examination
QA_0127,क्या नकल करने पर पूरे सेमेस्टर की परीक्षा रद्द की जा सकती है?,Indic,False,ANSWERABLE,Cheating or unfair means in any examination is strictly prohibited and subject to severe disciplinary penalties by the Examination Disciplinary Committee.,4;5;46,examination_manual.pdf,cross_lingual,unfair_means_examination
QA_0128,परीक्षा में कदाचार (Malpractice) के क्या परिणाम हो सकते हैं?,Indic,False,ANSWERABLE,Cheating or unfair means in any examination is strictly prohibited and subject to severe disciplinary penalties by the Examination Disciplinary Committee.,4;5;46,examination_manual.pdf,cross_lingual,unfair_means_examination
QA_0129,Exam ke dauran cheating ya unfair means karne par university ki policy kya hai?,Code-Mixed,True,ANSWERABLE,Cheating or unfair means in any examination is strictly prohibited and subject to severe disciplinary penalties by the Examination Disciplinary Committee.,4;5;46,examination_manual.pdf,code_mixed,unfair_means_examination
QA_0130,Cheating pakde jane par kaun si committee punishment decide karti hai?,Code-Mixed,True,ANSWERABLE,Cheating or unfair means in any examination is strictly prohibited and subject to severe disciplinary penalties by the Examination Disciplinary Committee.,4;5;46,examination_manual.pdf,code_mixed,unfair_means_examination
QA_0131,Kya UFM lagne par poora semester cancel ho sakta hai?,Code-Mixed,True,ANSWERABLE,Cheating or unfair means in any examination is strictly prohibited and subject to severe disciplinary penalties by the Examination Disciplinary Committee.,4;5;46,examination_manual.pdf,code_mixed,unfair_means_examination
QA_0132,Malpractice in exams ke disciplinary consequences kya hain?,Code-Mixed,True,ANSWERABLE,Cheating or unfair means in any examination is strictly prohibited and subject to severe disciplinary penalties by the Examination Disciplinary Committee.,4;5;46,examination_manual.pdf,code_mixed,unfair_means_examination
QA_0133,What is the minimum attendance requirement to appear in semester examinations?,English,False,ANSWERABLE,Students are required to maintain a minimum attendance threshold (typically 75%) to be eligible to appear in end-semester examinations.,3;4;39;52,examination_manual.pdf,standard,attendance_requirement
QA_0134,Can a student with attendance below 75% be detained from exams?,English,False,ANSWERABLE,Students are required to maintain a minimum attendance threshold (typically 75%) to be eligible to appear in end-semester examinations.,3;4;39;52,examination_manual.pdf,standard,attendance_requirement
QA_0135,What are the regulations governing student attendance for examinations?,English,False,ANSWERABLE,Students are required to maintain a minimum attendance threshold (typically 75%) to be eligible to appear in end-semester examinations.,3;4;39;52,examination_manual.pdf,standard,attendance_requirement
QA_0136,What happens if a student fails to meet the minimum attendance criteria?,English,False,ANSWERABLE,Students are required to maintain a minimum attendance threshold (typically 75%) to be eligible to appear in end-semester examinations.,3;4;39;52,examination_manual.pdf,standard,attendance_requirement
QA_0137,सेमेस्टर परीक्षा में बैठने के लिए न्यूनतम कितने प्रतिशत उपस्थिति (Attendance) अनिवार्य है?,Indic,False,ANSWERABLE,Students are required to maintain a minimum attendance threshold (typically 75%) to be eligible to appear in end-semester examinations.,3;4;39;52,examination_manual.pdf,cross_lingual,attendance_requirement
QA_0138,क्या 75% से कम उपस्थिति होने पर छात्र को परीक्षा से वंचित (Detain) किया जा सकता है?,Indic,False,ANSWERABLE,Students are required to maintain a minimum attendance threshold (typically 75%) to be eligible to appear in end-semester examinations.,3;4;39;52,examination_manual.pdf,cross_lingual,attendance_requirement
QA_0139,विश्वविद्यालय में उपस्थिति संबंधी नियम क्या हैं?,Indic,False,ANSWERABLE,Students are required to maintain a minimum attendance threshold (typically 75%) to be eligible to appear in end-semester examinations.,3;4;39;52,examination_manual.pdf,cross_lingual,attendance_requirement
QA_0140,न्यूनतम उपस्थिति पूरी न होने पर छात्र के खिलाफ क्या कार्रवाई होती है?,Indic,False,ANSWERABLE,Students are required to maintain a minimum attendance threshold (typically 75%) to be eligible to appear in end-semester examinations.,3;4;39;52,examination_manual.pdf,cross_lingual,attendance_requirement
QA_0141,Semester exam me baithne ke liye minimum kitna attendance percentage chahiye?,Code-Mixed,True,ANSWERABLE,Students are required to maintain a minimum attendance threshold (typically 75%) to be eligible to appear in end-semester examinations.,3;4;39;52,examination_manual.pdf,code_mixed,attendance_requirement
QA_0142,Kya 75% se kam attendance hone par exam se detain kar diya jata hai?,Code-Mixed,True,ANSWERABLE,Students are required to maintain a minimum attendance threshold (typically 75%) to be eligible to appear in end-semester examinations.,3;4;39;52,examination_manual.pdf,code_mixed,attendance_requirement
QA_0143,Bennett University me attendance ke kya rules hain?,Code-Mixed,True,ANSWERABLE,Students are required to maintain a minimum attendance threshold (typically 75%) to be eligible to appear in end-semester examinations.,3;4;39;52,examination_manual.pdf,code_mixed,attendance_requirement
QA_0144,Agar minimum attendance complete na ho toh kya student ko admit card milega?,Code-Mixed,True,ANSWERABLE,Students are required to maintain a minimum attendance threshold (typically 75%) to be eligible to appear in end-semester examinations.,3;4;39;52,examination_manual.pdf,code_mixed,attendance_requirement
QA_0145,"Please tell me, what is the minimum passing marks in the end semester examination?",English,False,ANSWERABLE,"To pass a course, a student must score at least 30% marks in the end term exam and a total of 40 marks out of 100 overall.",107,examination_manual.pdf,variation,examination_passing
QA_0146,कृपया बताइए कि एंड सेमेस्टर परीक्षा पास करने के लिए न्यूनतम कितने प्रतिशत अंक चाहिए?,Indic,False,ANSWERABLE,"To pass a course, a student must score at least 30% marks in the end term exam and a total of 40 marks out of 100 overall.",107,examination_manual.pdf,cross_lingual_variation,examination_passing
QA_0147,Bhai batao End sem exam pass karne ke liye kitna percentage marks chahiye?,Code-Mixed,True,ANSWERABLE,"To pass a course, a student must score at least 30% marks in the end term exam and a total of 40 marks out of 100 overall.",107,examination_manual.pdf,codemix_variation,examination_passing
QA_0148,"According to the official policy, how many marks are required out of 100 to pass a course?",English,False,ANSWERABLE,"To pass a course, a student must score at least 30% marks in the end term exam and a total of 40 marks out of 100 overall.",107,examination_manual.pdf,variation,examination_passing
QA_0149,"विश्वविद्यालय नियमों के अनुसार, किसी कोर्स को पास करने के लिए 100 में से कितने अंक आवश्यक हैं?",Indic,False,ANSWERABLE,"To pass a course, a student must score at least 30% marks in the end term exam and a total of 40 marks out of 100 overall.",107,examination_manual.pdf,cross_lingual_variation,examination_passing
QA_0150,"Official guidelines ke according, Course pass karne ke liye 100 me se kitne number compulsory hain?",Code-Mixed,True,ANSWERABLE,"To pass a course, a student must score at least 30% marks in the end term exam and a total of 40 marks out of 100 overall.",107,examination_manual.pdf,codemix_variation,examination_passing
QA_0151,Can you clarify: what percentage is required in end term exam to pass?,English,False,ANSWERABLE,"To pass a course, a student must score at least 30% marks in the end term exam and a total of 40 marks out of 100 overall.",107,examination_manual.pdf,variation,examination_passing
QA_0152,क्या आप स्पष्ट कर सकते हैं कि परीक्षा में पास होने के लिए एंड टर्म में न्यूनतम कितने अंक लाने होते हैं?,Indic,False,ANSWERABLE,"To pass a course, a student must score at least 30% marks in the end term exam and a total of 40 marks out of 100 overall.",107,examination_manual.pdf,cross_lingual_variation,examination_passing
QA_0153,Zara clarify karna: End term exam me passing marks kitna hota hai?,Code-Mixed,True,ANSWERABLE,"To pass a course, a student must score at least 30% marks in the end term exam and a total of 40 marks out of 100 overall.",107,examination_manual.pdf,codemix_variation,examination_passing
QA_0154,"In Bennett regulations, what are the passing criteria for semester courses?",English,False,ANSWERABLE,"To pass a course, a student must score at least 30% marks in the end term exam and a total of 40 marks out of 100 overall.",107,examination_manual.pdf,variation,examination_passing
QA_0155,"आधिकारिक नीति के तहत, कोर्स पास करने के लिए पासिंग क्राइटेरिया क्या है?",Indic,False,ANSWERABLE,"To pass a course, a student must score at least 30% marks in the end term exam and a total of 40 marks out of 100 overall.",107,examination_manual.pdf,cross_lingual_variation,examination_passing
QA_0156,"Bennett university rules me, Semester course clear karne ka passing criteria kya hai?",Code-Mixed,True,ANSWERABLE,"To pass a course, a student must score at least 30% marks in the end term exam and a total of 40 marks out of 100 overall.",107,examination_manual.pdf,codemix_variation,examination_passing
QA_0157,"Please tell me, what happens if a student receives an f grade in a course?",English,False,ANSWERABLE,"The 'F' grade denotes failing a course. A student must repeat all courses in which an 'F' grade is obtained until a passing grade is achieved, with no grade points awarded.",155,examination_manual.pdf,variation,f_grade_repeat
QA_0158,कृपया बताइए कि यदि किसी छात्र को किसी कोर्स में F ग्रेड मिलता है तो क्या नियम है?,Indic,False,ANSWERABLE,"The 'F' grade denotes failing a course. A student must repeat all courses in which an 'F' grade is obtained until a passing grade is achieved, with no grade points awarded.",155,examination_manual.pdf,cross_lingual_variation,f_grade_repeat
QA_0159,Bhai batao Agar course me F grade aa jaye toh kya repeat karna padega?,Code-Mixed,True,ANSWERABLE,"The 'F' grade denotes failing a course. A student must repeat all courses in which an 'F' grade is obtained until a passing grade is achieved, with no grade points awarded.",155,examination_manual.pdf,codemix_variation,f_grade_repeat
QA_0160,"According to the official policy, does an f grade carry any grade points?",English,False,ANSWERABLE,"The 'F' grade denotes failing a course. A student must repeat all courses in which an 'F' grade is obtained until a passing grade is achieved, with no grade points awarded.",155,examination_manual.pdf,variation,f_grade_repeat
QA_0161,"विश्वविद्यालय नियमों के अनुसार, क्या F ग्रेड में कोई ग्रेड पॉइंट मिलता है?",Indic,False,ANSWERABLE,"The 'F' grade denotes failing a course. A student must repeat all courses in which an 'F' grade is obtained until a passing grade is achieved, with no grade points awarded.",155,examination_manual.pdf,cross_lingual_variation,f_grade_repeat
QA_0162,"Official guidelines ke according, Kya F grade aane par koi grade points milte hain?",Code-Mixed,True,ANSWERABLE,"The 'F' grade denotes failing a course. A student must repeat all courses in which an 'F' grade is obtained until a passing grade is achieved, with no grade points awarded.",155,examination_manual.pdf,codemix_variation,f_grade_repeat
QA_0163,Can you clarify: what is the rule for repeating courses with an f grade?,English,False,ANSWERABLE,"The 'F' grade denotes failing a course. A student must repeat all courses in which an 'F' grade is obtained until a passing grade is achieved, with no grade points awarded.",155,examination_manual.pdf,variation,f_grade_repeat
QA_0164,क्या आप स्पष्ट कर सकते हैं कि F ग्रेड आने पर क्या कोर्स दोबारा पढ़ना अनिवार्य है?,Indic,False,ANSWERABLE,"The 'F' grade denotes failing a course. A student must repeat all courses in which an 'F' grade is obtained until a passing grade is achieved, with no grade points awarded.",155,examination_manual.pdf,cross_lingual_variation,f_grade_repeat
QA_0165,Zara clarify karna: F grade clear karne ke liye university ka rule kya hai?,Code-Mixed,True,ANSWERABLE,"The 'F' grade denotes failing a course. A student must repeat all courses in which an 'F' grade is obtained until a passing grade is achieved, with no grade points awarded.",155,examination_manual.pdf,codemix_variation,f_grade_repeat
QA_0166,"In Bennett regulations, can a student graduate with an f grade without repeating?",English,False,ANSWERABLE,"The 'F' grade denotes failing a course. A student must repeat all courses in which an 'F' grade is obtained until a passing grade is achieved, with no grade points awarded.",155,examination_manual.pdf,variation,f_grade_repeat
QA_0167,"आधिकारिक नीति के तहत, F ग्रेड के लिए विश्वविद्यालय की क्या नीति है?",Indic,False,ANSWERABLE,"The 'F' grade denotes failing a course. A student must repeat all courses in which an 'F' grade is obtained until a passing grade is achieved, with no grade points awarded.",155,examination_manual.pdf,cross_lingual_variation,f_grade_repeat
QA_0168,"Bennett university rules me, F grade milne par student ko kya procedure follow karna hota hai?",Code-Mixed,True,ANSWERABLE,"The 'F' grade denotes failing a course. A student must repeat all courses in which an 'F' grade is obtained until a passing grade is achieved, with no grade points awarded.",155,examination_manual.pdf,codemix_variation,f_grade_repeat
QA_0169,"Please tell me, under what conditions can an admit card or exam permission be withdrawn?",English,False,ANSWERABLE,Permission to appear in an examination or the admit card may be withdrawn if issued by mistake or if the student was not eligible.,41,examination_manual.pdf,variation,admit_card_withdrawal
QA_0170,कृपया बताइए कि परीक्षा प्रवेश पत्र (Admit Card) किन परिस्थितियों में वापस लिया जा सकता है?,Indic,False,ANSWERABLE,Permission to appear in an examination or the admit card may be withdrawn if issued by mistake or if the student was not eligible.,41,examination_manual.pdf,cross_lingual_variation,admit_card_withdrawal
QA_0171,Bhai batao Admit card ya exam permission kin conditions me withdraw ho sakti hai?,Code-Mixed,True,ANSWERABLE,Permission to appear in an examination or the admit card may be withdrawn if issued by mistake or if the student was not eligible.,41,examination_manual.pdf,codemix_variation,admit_card_withdrawal
QA_0172,"According to the official policy, can the university cancel examination permission if issued by mistake?",English,False,ANSWERABLE,Permission to appear in an examination or the admit card may be withdrawn if issued by mistake or if the student was not eligible.,41,examination_manual.pdf,variation,admit_card_withdrawal
QA_0173,"विश्वविद्यालय नियमों के अनुसार, यदि गलती से एडमिट कार्ड जारी हो गया हो तो क्या परीक्षा अनुमति रद्द हो सकती है?",Indic,False,ANSWERABLE,Permission to appear in an examination or the admit card may be withdrawn if issued by mistake or if the student was not eligible.,41,examination_manual.pdf,cross_lingual_variation,admit_card_withdrawal
QA_0174,"Official guidelines ke according, Agar admit card galti se issue ho gaya ho toh kya cancel ho sakta hai?",Code-Mixed,True,ANSWERABLE,Permission to appear in an examination or the admit card may be withdrawn if issued by mistake or if the student was not eligible.,41,examination_manual.pdf,codemix_variation,admit_card_withdrawal
QA_0175,Can you clarify: what happens if an ineligible student was given an admit card?,English,False,ANSWERABLE,Permission to appear in an examination or the admit card may be withdrawn if issued by mistake or if the student was not eligible.,41,examination_manual.pdf,variation,admit_card_withdrawal
QA_0176,क्या आप स्पष्ट कर सकते हैं कि परीक्षा में बैठने की अनुमति कब वापस ली जा सकती है?,Indic,False,ANSWERABLE,Permission to appear in an examination or the admit card may be withdrawn if issued by mistake or if the student was not eligible.,41,examination_manual.pdf,cross_lingual_variation,admit_card_withdrawal
QA_0177,Zara clarify karna: Ineligible student ko mila hua admit card university cancel kar sakti hai kya?,Code-Mixed,True,ANSWERABLE,Permission to appear in an examination or the admit card may be withdrawn if issued by mistake or if the student was not eligible.,41,examination_manual.pdf,codemix_variation,admit_card_withdrawal
QA_0178,"In Bennett regulations, when can exam hall permission be cancelled by the examination office?",English,False,ANSWERABLE,Permission to appear in an examination or the admit card may be withdrawn if issued by mistake or if the student was not eligible.,41,examination_manual.pdf,variation,admit_card_withdrawal
QA_0179,"आधिकारिक नीति के तहत, क्या अपात्र छात्रों का एडमिट कार्ड रद्द किया जा सकता है?",Indic,False,ANSWERABLE,Permission to appear in an examination or the admit card may be withdrawn if issued by mistake or if the student was not eligible.,41,examination_manual.pdf,cross_lingual_variation,admit_card_withdrawal
QA_0180,"Bennett university rules me, Exam hall me appear hone ki permission kab wapas li ja sakti hai?",Code-Mixed,True,ANSWERABLE,Permission to appear in an examination or the admit card may be withdrawn if issued by mistake or if the student was not eligible.,41,examination_manual.pdf,codemix_variation,admit_card_withdrawal
QA_0181,"Please tell me, what categories of scholarships are offered by bennett university?",English,False,ANSWERABLE,"Bennett University offers Admission Scholarships (Merit, Sibling, Single Girl Child, Ward of Defence Personnel, Alumni, and Times Group rebate) and Academic Scholarships for continuing students.",327;330,scholarship_policy.pdf,variation,scholarship_categories
QA_0182,कृपया बताइए कि बेनेट विश्वविद्यालय द्वारा कौन-कौन सी छात्रवृत्तियां (Scholarships) प्रदान की जाती हैं?,Indic,False,ANSWERABLE,"Bennett University offers Admission Scholarships (Merit, Sibling, Single Girl Child, Ward of Defence Personnel, Alumni, and Times Group rebate) and Academic Scholarships for continuing students.",327;330,scholarship_policy.pdf,cross_lingual_variation,scholarship_categories
QA_0183,Bhai batao Bennett University me kaun kaun si scholarship categories milti hain?,Code-Mixed,True,ANSWERABLE,"Bennett University offers Admission Scholarships (Merit, Sibling, Single Girl Child, Ward of Defence Personnel, Alumni, and Times Group rebate) and Academic Scholarships for continuing students.",327;330,scholarship_policy.pdf,codemix_variation,scholarship_categories
QA_0184,"According to the official policy, what are the types of on-admission scholarships available?",English,False,ANSWERABLE,"Bennett University offers Admission Scholarships (Merit, Sibling, Single Girl Child, Ward of Defence Personnel, Alumni, and Times Group rebate) and Academic Scholarships for continuing students.",327;330,scholarship_policy.pdf,variation,scholarship_categories
QA_0185,"विश्वविद्यालय नियमों के अनुसार, प्रवेश के समय मिलने वाली छात्रवृत्तियों की श्रेणियां क्या हैं?",Indic,False,ANSWERABLE,"Bennett University offers Admission Scholarships (Merit, Sibling, Single Girl Child, Ward of Defence Personnel, Alumni, and Times Group rebate) and Academic Scholarships for continuing students.",327;330,scholarship_policy.pdf,cross_lingual_variation,scholarship_categories
QA_0186,"Official guidelines ke according, Admission ke time par kaun si scholarship schemes available hain?",Code-Mixed,True,ANSWERABLE,"Bennett University offers Admission Scholarships (Merit, Sibling, Single Girl Child, Ward of Defence Personnel, Alumni, and Times Group rebate) and Academic Scholarships for continuing students.",327;330,scholarship_policy.pdf,codemix_variation,scholarship_categories
QA_0187,Can you clarify: does bennett university offer a single girl child scholarship?,English,False,ANSWERABLE,"Bennett University offers Admission Scholarships (Merit, Sibling, Single Girl Child, Ward of Defence Personnel, Alumni, and Times Group rebate) and Academic Scholarships for continuing students.",327;330,scholarship_policy.pdf,variation,scholarship_categories
QA_0188,क्या आप स्पष्ट कर सकते हैं कि क्या विश्वविद्यालय में सिंगल गर्ल चाइल्ड के लिए छात्रवृत्ति है?,Indic,False,ANSWERABLE,"Bennett University offers Admission Scholarships (Merit, Sibling, Single Girl Child, Ward of Defence Personnel, Alumni, and Times Group rebate) and Academic Scholarships for continuing students.",327;330,scholarship_policy.pdf,cross_lingual_variation,scholarship_categories
QA_0189,Zara clarify karna: Kya Single Girl Child ke liye koi specific scholarship hai?,Code-Mixed,True,ANSWERABLE,"Bennett University offers Admission Scholarships (Merit, Sibling, Single Girl Child, Ward of Defence Personnel, Alumni, and Times Group rebate) and Academic Scholarships for continuing students.",327;330,scholarship_policy.pdf,codemix_variation,scholarship_categories
QA_0190,"In Bennett regulations, what scholarships exist for wards of defence personnel?",English,False,ANSWERABLE,"Bennett University offers Admission Scholarships (Merit, Sibling, Single Girl Child, Ward of Defence Personnel, Alumni, and Times Group rebate) and Academic Scholarships for continuing students.",327;330,scholarship_policy.pdf,variation,scholarship_categories
QA_0191,"आधिकारिक नीति के तहत, रक्षा कर्मियों (Defence Personnel) के बच्चों के लिए क्या कोई विशेष छात्रवृत्ति है?",Indic,False,ANSWERABLE,"Bennett University offers Admission Scholarships (Merit, Sibling, Single Girl Child, Ward of Defence Personnel, Alumni, and Times Group rebate) and Academic Scholarships for continuing students.",327;330,scholarship_policy.pdf,cross_lingual_variation,scholarship_categories
QA_0192,"Bennett university rules me, Defence personnel ke bacho ke liye kya scholarship policy hai?",Code-Mixed,True,ANSWERABLE,"Bennett University offers Admission Scholarships (Merit, Sibling, Single Girl Child, Ward of Defence Personnel, Alumni, and Times Group rebate) and Academic Scholarships for continuing students.",327;330,scholarship_policy.pdf,codemix_variation,scholarship_categories
QA_0193,"Please tell me, what happens if a student qualifies for more than one scholarship?",English,False,ANSWERABLE,"In cases where a student qualifies for multiple scholarships, only the scholarship with the highest monetary value is awarded.",327,scholarship_policy.pdf,variation,scholarship_highest_value
QA_0194,कृपया बताइए कि यदि कोई छात्र एक से अधिक छात्रवृत्ति के लिए पात्र हो तो कौन सी छात्रवृत्ति दी जाएगी?,Indic,False,ANSWERABLE,"In cases where a student qualifies for multiple scholarships, only the scholarship with the highest monetary value is awarded.",327,scholarship_policy.pdf,cross_lingual_variation,scholarship_highest_value
QA_0195,Bhai batao Agar ek student multiple scholarships ke liye qualify kare toh kaun si milegi?,Code-Mixed,True,ANSWERABLE,"In cases where a student qualifies for multiple scholarships, only the scholarship with the highest monetary value is awarded.",327,scholarship_policy.pdf,codemix_variation,scholarship_highest_value
QA_0196,"According to the official policy, can a student combine two scholarships at bennett university?",English,False,ANSWERABLE,"In cases where a student qualifies for multiple scholarships, only the scholarship with the highest monetary value is awarded.",327,scholarship_policy.pdf,variation,scholarship_highest_value
QA_0197,"विश्वविद्यालय नियमों के अनुसार, क्या एक साथ दो छात्रवृत्तियों का लाभ उठाया जा सकता है?",Indic,False,ANSWERABLE,"In cases where a student qualifies for multiple scholarships, only the scholarship with the highest monetary value is awarded.",327,scholarship_policy.pdf,cross_lingual_variation,scholarship_highest_value
QA_0198,"Official guidelines ke according, Kya do scholarships ek saath combine kar sakte hain?",Code-Mixed,True,ANSWERABLE,"In cases where a student qualifies for multiple scholarships, only the scholarship with the highest monetary value is awarded.",327,scholarship_policy.pdf,codemix_variation,scholarship_highest_value
QA_0199,Can you clarify: is a student allowed to avail both sibling and merit scholarships together?,English,False,ANSWERABLE,"In cases where a student qualifies for multiple scholarships, only the scholarship with the highest monetary value is awarded.",327,scholarship_policy.pdf,variation,scholarship_highest_value
QA_0200,क्या आप स्पष्ट कर सकते हैं कि मल्टीपल स्कॉलरशिप मिलने पर विश्वविद्यालय का क्या नियम है?,Indic,False,ANSWERABLE,"In cases where a student qualifies for multiple scholarships, only the scholarship with the highest monetary value is awarded.",327,scholarship_policy.pdf,cross_lingual_variation,scholarship_highest_value
QA_0201,Zara clarify karna: Multiple scholarships eligible hone par university ka rule kya hai?,Code-Mixed,True,ANSWERABLE,"In cases where a student qualifies for multiple scholarships, only the scholarship with the highest monetary value is awarded.",327,scholarship_policy.pdf,codemix_variation,scholarship_highest_value
QA_0202,"In Bennett regulations, which scholarship is awarded if a candidate is eligible for multiple schemes?",English,False,ANSWERABLE,"In cases where a student qualifies for multiple scholarships, only the scholarship with the highest monetary value is awarded.",327,scholarship_policy.pdf,variation,scholarship_highest_value
QA_0203,"आधिकारिक नीति के तहत, क्या मेरिट और सिबलिंग स्कॉलरशिप दोनों एक साथ मिल सकती हैं?",Indic,False,ANSWERABLE,"In cases where a student qualifies for multiple scholarships, only the scholarship with the highest monetary value is awarded.",327,scholarship_policy.pdf,cross_lingual_variation,scholarship_highest_value
QA_0204,"Bennett university rules me, Kya sibling discount aur merit scholarship dono saath me avail ho sakti hain?",Code-Mixed,True,ANSWERABLE,"In cases where a student qualifies for multiple scholarships, only the scholarship with the highest monetary value is awarded.",327,scholarship_policy.pdf,codemix_variation,scholarship_highest_value
QA_0205,"Please tell me, what document is required to claim the single girl child scholarship?",English,False,ANSWERABLE,"For the Single Girl Child scholarship, parents must submit an affidavit on Rs. 100 stamp paper notarized by a notary.",391,scholarship_policy.pdf,variation,single_girl_child_affidavit
QA_0206,कृपया बताइए कि सिंगल गर्ल चाइल्ड स्कॉलरशिप के लिए माता-पिता को कौन सा दस्तावेज देना होता है?,Indic,False,ANSWERABLE,"For the Single Girl Child scholarship, parents must submit an affidavit on Rs. 100 stamp paper notarized by a notary.",391,scholarship_policy.pdf,cross_lingual_variation,single_girl_child_affidavit
QA_0207,Bhai batao Single Girl Child scholarship claim karne ke liye kaun sa document chahiye?,Code-Mixed,True,ANSWERABLE,"For the Single Girl Child scholarship, parents must submit an affidavit on Rs. 100 stamp paper notarized by a notary.",391,scholarship_policy.pdf,codemix_variation,single_girl_child_affidavit
QA_0208,"According to the official policy, what is the stamp paper denomination for the single girl child affidavit?",English,False,ANSWERABLE,"For the Single Girl Child scholarship, parents must submit an affidavit on Rs. 100 stamp paper notarized by a notary.",391,scholarship_policy.pdf,variation,single_girl_child_affidavit
QA_0209,"विश्वविद्यालय नियमों के अनुसार, सिंगल गर्ल चाइल्ड एफिडेविट के लिए कितने रुपये का स्टाम्प पेपर चाहिए?",Indic,False,ANSWERABLE,"For the Single Girl Child scholarship, parents must submit an affidavit on Rs. 100 stamp paper notarized by a notary.",391,scholarship_policy.pdf,cross_lingual_variation,single_girl_child_affidavit
QA_0210,"Official guidelines ke according, Single Girl Child affidavit ke liye kitne rupees ka stamp paper lagta hai?",Code-Mixed,True,ANSWERABLE,"For the Single Girl Child scholarship, parents must submit an affidavit on Rs. 100 stamp paper notarized by a notary.",391,scholarship_policy.pdf,codemix_variation,single_girl_child_affidavit
QA_0211,Can you clarify: who must execute the affidavit for the single girl child scholarship?,English,False,ANSWERABLE,"For the Single Girl Child scholarship, parents must submit an affidavit on Rs. 100 stamp paper notarized by a notary.",391,scholarship_policy.pdf,variation,single_girl_child_affidavit
QA_0212,क्या आप स्पष्ट कर सकते हैं कि क्या सिंगल गर्ल चाइल्ड के लिए नोटरी एफिडेविट आवश्यक है?,Indic,False,ANSWERABLE,"For the Single Girl Child scholarship, parents must submit an affidavit on Rs. 100 stamp paper notarized by a notary.",391,scholarship_policy.pdf,cross_lingual_variation,single_girl_child_affidavit
QA_0213,Zara clarify karna: Kya Single Girl Child scholarship ke liye Rs 100 ka notary affidavit mandatory hai?,Code-Mixed,True,ANSWERABLE,"For the Single Girl Child scholarship, parents must submit an affidavit on Rs. 100 stamp paper notarized by a notary.",391,scholarship_policy.pdf,codemix_variation,single_girl_child_affidavit
QA_0214,"In Bennett regulations, is a notary affidavit required for the single girl child rebate?",English,False,ANSWERABLE,"For the Single Girl Child scholarship, parents must submit an affidavit on Rs. 100 stamp paper notarized by a notary.",391,scholarship_policy.pdf,variation,single_girl_child_affidavit
QA_0215,"आधिकारिक नीति के तहत, सिंगल गर्ल चाइल्ड छात्रवृत्ति का दावा करने के लिए क्या प्रमाण पत्र चाहिए?",Indic,False,ANSWERABLE,"For the Single Girl Child scholarship, parents must submit an affidavit on Rs. 100 stamp paper notarized by a notary.",391,scholarship_policy.pdf,cross_lingual_variation,single_girl_child_affidavit
QA_0216,"Bennett university rules me, Parents ko single girl child ke liye kaun sa proof submit karna hota hai?",Code-Mixed,True,ANSWERABLE,"For the Single Girl Child scholarship, parents must submit an affidavit on Rs. 100 stamp paper notarized by a notary.",391,scholarship_policy.pdf,codemix_variation,single_girl_child_affidavit
QA_0217,"Please tell me, under what circumstances can a merit scholarship be withdrawn?",English,False,ANSWERABLE,"Scholarship is withdrawn if advance fee is not deposited by the given due date, or if the student fails to produce documentary proof of eligibility.",336,scholarship_policy.pdf,variation,scholarship_withdrawal
QA_0218,कृपया बताइए कि मेरिट छात्रवृत्ति किन परिस्थितियों में वापस (Withdrawn) ली जा सकती है?,Indic,False,ANSWERABLE,"Scholarship is withdrawn if advance fee is not deposited by the given due date, or if the student fails to produce documentary proof of eligibility.",336,scholarship_policy.pdf,cross_lingual_variation,scholarship_withdrawal
QA_0219,Bhai batao Merit scholarship kin conditions me withdraw ho sakti hai?,Code-Mixed,True,ANSWERABLE,"Scholarship is withdrawn if advance fee is not deposited by the given due date, or if the student fails to produce documentary proof of eligibility.",336,scholarship_policy.pdf,codemix_variation,scholarship_withdrawal
QA_0220,"According to the official policy, what happens if a candidate fails to deposit the advance fee on time?",English,False,ANSWERABLE,"Scholarship is withdrawn if advance fee is not deposited by the given due date, or if the student fails to produce documentary proof of eligibility.",336,scholarship_policy.pdf,variation,scholarship_withdrawal
QA_0221,"विश्वविद्यालय नियमों के अनुसार, यदि छात्र नियत तिथि तक अग्रिम शुल्क जमा न करे तो क्या होगा?",Indic,False,ANSWERABLE,"Scholarship is withdrawn if advance fee is not deposited by the given due date, or if the student fails to produce documentary proof of eligibility.",336,scholarship_policy.pdf,cross_lingual_variation,scholarship_withdrawal
QA_0222,"Official guidelines ke according, Advance fee time pe deposit na karne par scholarship ka kya hoga?",Code-Mixed,True,ANSWERABLE,"Scholarship is withdrawn if advance fee is not deposited by the given due date, or if the student fails to produce documentary proof of eligibility.",336,scholarship_policy.pdf,codemix_variation,scholarship_withdrawal
QA_0223,Can you clarify: can scholarship be revoked for failing to produce eligibility documents?,English,False,ANSWERABLE,"Scholarship is withdrawn if advance fee is not deposited by the given due date, or if the student fails to produce documentary proof of eligibility.",336,scholarship_policy.pdf,variation,scholarship_withdrawal
QA_0224,क्या आप स्पष्ट कर सकते हैं कि क्या पात्रता दस्तावेज प्रस्तुत न करने पर स्कॉलरशिप रद्द हो सकती है?,Indic,False,ANSWERABLE,"Scholarship is withdrawn if advance fee is not deposited by the given due date, or if the student fails to produce documentary proof of eligibility.",336,scholarship_policy.pdf,cross_lingual_variation,scholarship_withdrawal
QA_0225,Zara clarify karna: Agar eligibility documents verify na ho payein toh kya scholarship cancel hogi?,Code-Mixed,True,ANSWERABLE,"Scholarship is withdrawn if advance fee is not deposited by the given due date, or if the student fails to produce documentary proof of eligibility.",336,scholarship_policy.pdf,codemix_variation,scholarship_withdrawal
QA_0226,"In Bennett regulations, when will a candidate forfeit their claim over the admission scholarship?",English,False,ANSWERABLE,"Scholarship is withdrawn if advance fee is not deposited by the given due date, or if the student fails to produce documentary proof of eligibility.",336,scholarship_policy.pdf,variation,scholarship_withdrawal
QA_0227,"आधिकारिक नीति के तहत, छात्रवृत्ति का अधिकार कब समाप्त हो जाता है?",Indic,False,ANSWERABLE,"Scholarship is withdrawn if advance fee is not deposited by the given due date, or if the student fails to produce documentary proof of eligibility.",336,scholarship_policy.pdf,cross_lingual_variation,scholarship_withdrawal
QA_0228,"Bennett university rules me, Scholarship forfeit hone ke kya reasons hain policy me?",Code-Mixed,True,ANSWERABLE,"Scholarship is withdrawn if advance fee is not deposited by the given due date, or if the student fails to produce documentary proof of eligibility.",336,scholarship_policy.pdf,codemix_variation,scholarship_withdrawal
QA_0229,"Please tell me, who are the members of the bennett university scholarship committee?",English,False,ANSWERABLE,"The verified list of eligible students for Merit Scholarships is reviewed by the Scholarship Committee comprising the Registrar, VP Admissions & Marketing, and Finance Controller.",327,scholarship_policy.pdf,variation,scholarship_committee
QA_0230,कृपया बताइए कि बेनेट विश्वविद्यालय की छात्रवृत्ति समिति (Scholarship Committee) में कौन-कौन शामिल हैं?,Indic,False,ANSWERABLE,"The verified list of eligible students for Merit Scholarships is reviewed by the Scholarship Committee comprising the Registrar, VP Admissions & Marketing, and Finance Controller.",327,scholarship_policy.pdf,cross_lingual_variation,scholarship_committee
QA_0231,Bhai batao Scholarship Committee ke members kaun kaun hain Bennett University me?,Code-Mixed,True,ANSWERABLE,"The verified list of eligible students for Merit Scholarships is reviewed by the Scholarship Committee comprising the Registrar, VP Admissions & Marketing, and Finance Controller.",327,scholarship_policy.pdf,codemix_variation,scholarship_committee
QA_0232,"According to the official policy, does the registrar review the merit scholarship list?",English,False,ANSWERABLE,"The verified list of eligible students for Merit Scholarships is reviewed by the Scholarship Committee comprising the Registrar, VP Admissions & Marketing, and Finance Controller.",327,scholarship_policy.pdf,variation,scholarship_committee
QA_0233,"विश्वविद्यालय नियमों के अनुसार, क्या कुलसचिव (Registrar) स्कॉलरशिप समिति के सदस्य हैं?",Indic,False,ANSWERABLE,"The verified list of eligible students for Merit Scholarships is reviewed by the Scholarship Committee comprising the Registrar, VP Admissions & Marketing, and Finance Controller.",327,scholarship_policy.pdf,cross_lingual_variation,scholarship_committee
QA_0234,"Official guidelines ke according, Kya Registrar aur Finance Controller scholarship review committee me hote hain?",Code-Mixed,True,ANSWERABLE,"The verified list of eligible students for Merit Scholarships is reviewed by the Scholarship Committee comprising the Registrar, VP Admissions & Marketing, and Finance Controller.",327,scholarship_policy.pdf,codemix_variation,scholarship_committee
QA_0235,Can you clarify: which committee approves the verified list of eligible scholarship candidates?,English,False,ANSWERABLE,"The verified list of eligible students for Merit Scholarships is reviewed by the Scholarship Committee comprising the Registrar, VP Admissions & Marketing, and Finance Controller.",327,scholarship_policy.pdf,variation,scholarship_committee
QA_0236,क्या आप स्पष्ट कर सकते हैं कि मेरिट छात्रवृत्ति सूची की समीक्षा कौन सी समिति करती है?,Indic,False,ANSWERABLE,"The verified list of eligible students for Merit Scholarships is reviewed by the Scholarship Committee comprising the Registrar, VP Admissions & Marketing, and Finance Controller.",327,scholarship_policy.pdf,cross_lingual_variation,scholarship_committee
QA_0237,Zara clarify karna: Merit scholarship eligible students ki list kaun approve karta hai?,Code-Mixed,True,ANSWERABLE,"The verified list of eligible students for Merit Scholarships is reviewed by the Scholarship Committee comprising the Registrar, VP Admissions & Marketing, and Finance Controller.",327,scholarship_policy.pdf,codemix_variation,scholarship_committee
QA_0238,"In Bennett regulations, is the finance controller part of the scholarship committee?",English,False,ANSWERABLE,"The verified list of eligible students for Merit Scholarships is reviewed by the Scholarship Committee comprising the Registrar, VP Admissions & Marketing, and Finance Controller.",327,scholarship_policy.pdf,variation,scholarship_committee
QA_0239,"आधिकारिक नीति के तहत, फाइनेंस कंट्रोलर का छात्रवृत्ति समिति में क्या पद है?",Indic,False,ANSWERABLE,"The verified list of eligible students for Merit Scholarships is reviewed by the Scholarship Committee comprising the Registrar, VP Admissions & Marketing, and Finance Controller.",327,scholarship_policy.pdf,cross_lingual_variation,scholarship_committee
QA_0240,"Bennett university rules me, VP Admissions & Marketing kya scholarship committee ke member hain?",Code-Mixed,True,ANSWERABLE,"The verified list of eligible students for Merit Scholarships is reviewed by the Scholarship Committee comprising the Registrar, VP Admissions & Marketing, and Finance Controller.",327,scholarship_policy.pdf,codemix_variation,scholarship_committee
QA_0241,"Please tell me, what are the consequences of submitting false information in the admission application?",English,False,ANSWERABLE,"Submission of false information or omission of relevant credentials may result in application withdrawal, denial, or revocation of admission.",391;392,student_parent_undertaking.pdf,variation,undertaking_truthfulness
QA_0242,कृपया बताइए कि प्रवेश आवेदन में गलत जानकारी या झूठे दस्तावेज देने पर क्या परिणाम हो सकते हैं?,Indic,False,ANSWERABLE,"Submission of false information or omission of relevant credentials may result in application withdrawal, denial, or revocation of admission.",391;392,student_parent_undertaking.pdf,cross_lingual_variation,undertaking_truthfulness
QA_0243,Bhai batao Admission form me galat information submit karne pe kya consequences honge?,Code-Mixed,True,ANSWERABLE,"Submission of false information or omission of relevant credentials may result in application withdrawal, denial, or revocation of admission.",391;392,student_parent_undertaking.pdf,codemix_variation,undertaking_truthfulness
QA_0244,"According to the official policy, can bennett university revoke an admission if false credentials are detected later?",English,False,ANSWERABLE,"Submission of false information or omission of relevant credentials may result in application withdrawal, denial, or revocation of admission.",391;392,student_parent_undertaking.pdf,variation,undertaking_truthfulness
QA_0245,"विश्वविद्यालय नियमों के अनुसार, क्या बाद में फर्जी दस्तावेज पाए जाने पर विश्वविद्यालय प्रवेश रद्द कर सकता है?",Indic,False,ANSWERABLE,"Submission of false information or omission of relevant credentials may result in application withdrawal, denial, or revocation of admission.",391;392,student_parent_undertaking.pdf,cross_lingual_variation,undertaking_truthfulness
QA_0246,"Official guidelines ke according, Kya later date par false credentials detect hone par admission revoke ho sakta hai?",Code-Mixed,True,ANSWERABLE,"Submission of false information or omission of relevant credentials may result in application withdrawal, denial, or revocation of admission.",391;392,student_parent_undertaking.pdf,codemix_variation,undertaking_truthfulness
QA_0247,Can you clarify: what undertaking is given by parents regarding document verification?,English,False,ANSWERABLE,"Submission of false information or omission of relevant credentials may result in application withdrawal, denial, or revocation of admission.",391;392,student_parent_undertaking.pdf,variation,undertaking_truthfulness
QA_0248,क्या आप स्पष्ट कर सकते हैं कि दस्तावेज सत्यापन के संबंध में माता-पिता क्या वचनबद्धता देते हैं?,Indic,False,ANSWERABLE,"Submission of false information or omission of relevant credentials may result in application withdrawal, denial, or revocation of admission.",391;392,student_parent_undertaking.pdf,cross_lingual_variation,undertaking_truthfulness
QA_0249,Zara clarify karna: Document verification ke regarding students aur parents kya undertaking dete hain?,Code-Mixed,True,ANSWERABLE,"Submission of false information or omission of relevant credentials may result in application withdrawal, denial, or revocation of admission.",391;392,student_parent_undertaking.pdf,codemix_variation,undertaking_truthfulness
QA_0250,"In Bennett regulations, what happens if a student omits relevant educational credentials?",English,False,ANSWERABLE,"Submission of false information or omission of relevant credentials may result in application withdrawal, denial, or revocation of admission.",391;392,student_parent_undertaking.pdf,variation,undertaking_truthfulness
QA_0251,"आधिकारिक नीति के तहत, यदि कोई छात्र अपनी योग्यता से संबंधित तथ्य छुपाता है तो क्या कार्रवाई होगी?",Indic,False,ANSWERABLE,"Submission of false information or omission of relevant credentials may result in application withdrawal, denial, or revocation of admission.",391;392,student_parent_undertaking.pdf,cross_lingual_variation,undertaking_truthfulness
QA_0252,"Bennett university rules me, False documents ya deliberate omission par university kya action leti hai?",Code-Mixed,True,ANSWERABLE,"Submission of false information or omission of relevant credentials may result in application withdrawal, denial, or revocation of admission.",391;392,student_parent_undertaking.pdf,codemix_variation,undertaking_truthfulness
QA_0253,"Please tell me, what contact details must parents provide according to the undertaking?",English,False,ANSWERABLE,"Parents undertake to provide complete and correct contact details including telephone numbers, email IDs, and local guardian details for notices.",392;393,student_parent_undertaking.pdf,variation,undertaking_contact_details
QA_0254,कृपया बताइए कि अंडरटेकिंग के अनुसार माता-पिता को कौन से संपर्क विवरण (Contact details) देने होते हैं?,Indic,False,ANSWERABLE,"Parents undertake to provide complete and correct contact details including telephone numbers, email IDs, and local guardian details for notices.",392;393,student_parent_undertaking.pdf,cross_lingual_variation,undertaking_contact_details
QA_0255,Bhai batao Parents ko undertaking ke hisab se kaun si contact details provide karni hoti hain?,Code-Mixed,True,ANSWERABLE,"Parents undertake to provide complete and correct contact details including telephone numbers, email IDs, and local guardian details for notices.",392;393,student_parent_undertaking.pdf,codemix_variation,undertaking_contact_details
QA_0256,"According to the official policy, is the university responsible if a notice sent to a group fails to reach an individual?",English,False,ANSWERABLE,"Parents undertake to provide complete and correct contact details including telephone numbers, email IDs, and local guardian details for notices.",392;393,student_parent_undertaking.pdf,variation,undertaking_contact_details
QA_0257,"विश्वविद्यालय नियमों के अनुसार, क्या किसी समूह नोटिस के व्यक्तिगत रूप से न पहुंचने पर विश्वविद्यालय उत्तरदायी है?",Indic,False,ANSWERABLE,"Parents undertake to provide complete and correct contact details including telephone numbers, email IDs, and local guardian details for notices.",392;393,student_parent_undertaking.pdf,cross_lingual_variation,undertaking_contact_details
QA_0258,"Official guidelines ke according, Kya local guardian ka phone number aur email ID dena mandatory hai?",Code-Mixed,True,ANSWERABLE,"Parents undertake to provide complete and correct contact details including telephone numbers, email IDs, and local guardian details for notices.",392;393,student_parent_undertaking.pdf,codemix_variation,undertaking_contact_details
QA_0259,Can you clarify: whose contact details must be submitted besides the parents' own details?,English,False,ANSWERABLE,"Parents undertake to provide complete and correct contact details including telephone numbers, email IDs, and local guardian details for notices.",392;393,student_parent_undertaking.pdf,variation,undertaking_contact_details
QA_0260,क्या आप स्पष्ट कर सकते हैं कि स्थानीय अभिभावक (Local Guardian) के संबंध में क्या नियम है?,Indic,False,ANSWERABLE,"Parents undertake to provide complete and correct contact details including telephone numbers, email IDs, and local guardian details for notices.",392;393,student_parent_undertaking.pdf,cross_lingual_variation,undertaking_contact_details
QA_0261,Zara clarify karna: Agar notice individual tak na pahuche toh kya university responsible hogi?,Code-Mixed,True,ANSWERABLE,"Parents undertake to provide complete and correct contact details including telephone numbers, email IDs, and local guardian details for notices.",392;393,student_parent_undertaking.pdf,codemix_variation,undertaking_contact_details
QA_0262,"In Bennett regulations, what is the parents' obligation regarding updated contact information?",English,False,ANSWERABLE,"Parents undertake to provide complete and correct contact details including telephone numbers, email IDs, and local guardian details for notices.",392;393,student_parent_undertaking.pdf,variation,undertaking_contact_details
QA_0263,"आधिकारिक नीति के तहत, संपर्क जानकारी के संबंध में अभिभावकों का क्या उत्तरदायित्व है?",Indic,False,ANSWERABLE,"Parents undertake to provide complete and correct contact details including telephone numbers, email IDs, and local guardian details for notices.",392;393,student_parent_undertaking.pdf,cross_lingual_variation,undertaking_contact_details
QA_0264,"Bennett university rules me, Contact number update rakhne ke baare me undertaking me kya likha hai?",Code-Mixed,True,ANSWERABLE,"Parents undertake to provide complete and correct contact details including telephone numbers, email IDs, and local guardian details for notices.",392;393,student_parent_undertaking.pdf,codemix_variation,undertaking_contact_details
QA_0265,"Please tell me, what is bennett university's policy regarding unfair means during examinations?",English,False,ANSWERABLE,Cheating or unfair means in any examination is strictly prohibited and subject to severe disciplinary penalties by the Examination Disciplinary Committee.,4;5;46,examination_manual.pdf,variation,unfair_means_examination
QA_0266,कृपया बताइए कि परीक्षा के दौरान अनुचित साधनों (Unfair Means) के प्रयोग पर विश्वविद्यालय की क्या नीति है?,Indic,False,ANSWERABLE,Cheating or unfair means in any examination is strictly prohibited and subject to severe disciplinary penalties by the Examination Disciplinary Committee.,4;5;46,examination_manual.pdf,cross_lingual_variation,unfair_means_examination
QA_0267,Bhai batao Exam ke dauran cheating ya unfair means karne par university ki policy kya hai?,Code-Mixed,True,ANSWERABLE,Cheating or unfair means in any examination is strictly prohibited and subject to severe disciplinary penalties by the Examination Disciplinary Committee.,4;5;46,examination_manual.pdf,codemix_variation,unfair_means_examination
QA_0268,"According to the official policy, which committee decides penalties for cheating in examinations?",English,False,ANSWERABLE,Cheating or unfair means in any examination is strictly prohibited and subject to severe disciplinary penalties by the Examination Disciplinary Committee.,4;5;46,examination_manual.pdf,variation,unfair_means_examination
QA_0269,"विश्वविद्यालय नियमों के अनुसार, परीक्षा में नकल करने पर दण्ड का निर्धारण कौन सी समिति करती है?",Indic,False,ANSWERABLE,Cheating or unfair means in any examination is strictly prohibited and subject to severe disciplinary penalties by the Examination Disciplinary Committee.,4;5;46,examination_manual.pdf,cross_lingual_variation,unfair_means_examination
QA_0270,"Official guidelines ke according, Cheating pakde jane par kaun si committee punishment decide karti hai?",Code-Mixed,True,ANSWERABLE,Cheating or unfair means in any examination is strictly prohibited and subject to severe disciplinary penalties by the Examination Disciplinary Committee.,4;5;46,examination_manual.pdf,codemix_variation,unfair_means_examination
QA_0271,Can you clarify: can cheating lead to cancellation of an entire semester's examinations?,English,False,ANSWERABLE,Cheating or unfair means in any examination is strictly prohibited and subject to severe disciplinary penalties by the Examination Disciplinary Committee.,4;5;46,examination_manual.pdf,variation,unfair_means_examination
QA_0272,क्या आप स्पष्ट कर सकते हैं कि क्या नकल करने पर पूरे सेमेस्टर की परीक्षा रद्द की जा सकती है?,Indic,False,ANSWERABLE,Cheating or unfair means in any examination is strictly prohibited and subject to severe disciplinary penalties by the Examination Disciplinary Committee.,4;5;46,examination_manual.pdf,cross_lingual_variation,unfair_means_examination
QA_0273,Zara clarify karna: Kya UFM lagne par poora semester cancel ho sakta hai?,Code-Mixed,True,ANSWERABLE,Cheating or unfair means in any examination is strictly prohibited and subject to severe disciplinary penalties by the Examination Disciplinary Committee.,4;5;46,examination_manual.pdf,codemix_variation,unfair_means_examination
QA_0274,"In Bennett regulations, what are the disciplinary consequences of malpractice in exams?",English,False,ANSWERABLE,Cheating or unfair means in any examination is strictly prohibited and subject to severe disciplinary penalties by the Examination Disciplinary Committee.,4;5;46,examination_manual.pdf,variation,unfair_means_examination
QA_0275,"आधिकारिक नीति के तहत, परीक्षा में कदाचार (Malpractice) के क्या परिणाम हो सकते हैं?",Indic,False,ANSWERABLE,Cheating or unfair means in any examination is strictly prohibited and subject to severe disciplinary penalties by the Examination Disciplinary Committee.,4;5;46,examination_manual.pdf,cross_lingual_variation,unfair_means_examination
QA_0276,"Bennett university rules me, Malpractice in exams ke disciplinary consequences kya hain?",Code-Mixed,True,ANSWERABLE,Cheating or unfair means in any examination is strictly prohibited and subject to severe disciplinary penalties by the Examination Disciplinary Committee.,4;5;46,examination_manual.pdf,codemix_variation,unfair_means_examination
QA_0277,"Please tell me, what is the minimum attendance requirement to appear in semester examinations?",English,False,ANSWERABLE,Students are required to maintain a minimum attendance threshold (typically 75%) to be eligible to appear in end-semester examinations.,3;4;39;52,examination_manual.pdf,variation,attendance_requirement
QA_0278,कृपया बताइए कि सेमेस्टर परीक्षा में बैठने के लिए न्यूनतम कितने प्रतिशत उपस्थिति (Attendance) अनिवार्य है?,Indic,False,ANSWERABLE,Students are required to maintain a minimum attendance threshold (typically 75%) to be eligible to appear in end-semester examinations.,3;4;39;52,examination_manual.pdf,cross_lingual_variation,attendance_requirement
QA_0279,Bhai batao Semester exam me baithne ke liye minimum kitna attendance percentage chahiye?,Code-Mixed,True,ANSWERABLE,Students are required to maintain a minimum attendance threshold (typically 75%) to be eligible to appear in end-semester examinations.,3;4;39;52,examination_manual.pdf,codemix_variation,attendance_requirement
QA_0280,"According to the official policy, can a student with attendance below 75% be detained from exams?",English,False,ANSWERABLE,Students are required to maintain a minimum attendance threshold (typically 75%) to be eligible to appear in end-semester examinations.,3;4;39;52,examination_manual.pdf,variation,attendance_requirement
QA_0281,"विश्वविद्यालय नियमों के अनुसार, क्या 75% से कम उपस्थिति होने पर छात्र को परीक्षा से वंचित (Detain) किया जा सकता है?",Indic,False,ANSWERABLE,Students are required to maintain a minimum attendance threshold (typically 75%) to be eligible to appear in end-semester examinations.,3;4;39;52,examination_manual.pdf,cross_lingual_variation,attendance_requirement
QA_0282,"Official guidelines ke according, Kya 75% se kam attendance hone par exam se detain kar diya jata hai?",Code-Mixed,True,ANSWERABLE,Students are required to maintain a minimum attendance threshold (typically 75%) to be eligible to appear in end-semester examinations.,3;4;39;52,examination_manual.pdf,codemix_variation,attendance_requirement
QA_0283,Can you clarify: what are the regulations governing student attendance for examinations?,English,False,ANSWERABLE,Students are required to maintain a minimum attendance threshold (typically 75%) to be eligible to appear in end-semester examinations.,3;4;39;52,examination_manual.pdf,variation,attendance_requirement
QA_0284,क्या आप स्पष्ट कर सकते हैं कि विश्वविद्यालय में उपस्थिति संबंधी नियम क्या हैं?,Indic,False,ANSWERABLE,Students are required to maintain a minimum attendance threshold (typically 75%) to be eligible to appear in end-semester examinations.,3;4;39;52,examination_manual.pdf,cross_lingual_variation,attendance_requirement
QA_0285,Zara clarify karna: Bennett University me attendance ke kya rules hain?,Code-Mixed,True,ANSWERABLE,Students are required to maintain a minimum attendance threshold (typically 75%) to be eligible to appear in end-semester examinations.,3;4;39;52,examination_manual.pdf,codemix_variation,attendance_requirement
QA_0286,"In Bennett regulations, what happens if a student fails to meet the minimum attendance criteria?",English,False,ANSWERABLE,Students are required to maintain a minimum attendance threshold (typically 75%) to be eligible to appear in end-semester examinations.,3;4;39;52,examination_manual.pdf,variation,attendance_requirement
QA_0287,"आधिकारिक नीति के तहत, न्यूनतम उपस्थिति पूरी न होने पर छात्र के खिलाफ क्या कार्रवाई होती है?",Indic,False,ANSWERABLE,Students are required to maintain a minimum attendance threshold (typically 75%) to be eligible to appear in end-semester examinations.,3;4;39;52,examination_manual.pdf,cross_lingual_variation,attendance_requirement
QA_0288,"Bennett university rules me, Agar minimum attendance complete na ho toh kya student ko admit card milega?",Code-Mixed,True,ANSWERABLE,Students are required to maintain a minimum attendance threshold (typically 75%) to be eligible to appear in end-semester examinations.,3;4;39;52,examination_manual.pdf,codemix_variation,attendance_requirement
QA_0289,Can students keep pet dogs in the university hostel rooms?,English,False,UNANSWERABLE,Insufficient information available in the provided documents.,,none,unanswerable,hallucination_probe
QA_0290,क्या छात्र विश्वविद्यालय के छात्रावास (हॉस्टल) के कमरों में पालतू कुत्ते रख सकते हैं?,Indic,False,UNANSWERABLE,Insufficient information available in the provided documents.,,none,unanswerable_cross_lingual,hallucination_probe
QA_0291,Kya students university hostel ke room me pet dogs rakh sakte hain?,Code-Mixed,True,UNANSWERABLE,Insufficient information available in the provided documents.,,none,unanswerable_codemix,hallucination_probe
QA_0292,"Can anyone tell me, can students keep pet dogs in the university hostel rooms?",English,False,UNANSWERABLE,Insufficient information available in the provided documents.,,none,unanswerable_probe,hallucination_probe
QA_0293,Is it allowed that can students keep pet dogs in the university hostel rooms?,English,False,UNANSWERABLE,Insufficient information available in the provided documents.,,none,unanswerable_probe,hallucination_probe
QA_0294,What are the university rules if can students keep pet dogs in the university hostel rooms?,English,False,UNANSWERABLE,Insufficient information available in the provided documents.,,none,unanswerable_probe,hallucination_probe
QA_0295,Do we have any clause where can students keep pet dogs in the university hostel rooms?,English,False,UNANSWERABLE,Insufficient information available in the provided documents.,,none,unanswerable_probe,hallucination_probe
QA_0296,What is the scholarship percentage for national-level badminton players?,English,False,UNANSWERABLE,Insufficient information available in the provided documents.,,none,unanswerable,hallucination_probe
QA_0297,राष्ट्रीय स्तर के बैडमिंटन खिलाड़ियों के लिए खेल छात्रवृत्ति का कितना प्रतिशत है?,Indic,False,UNANSWERABLE,Insufficient information available in the provided documents.,,none,unanswerable_cross_lingual,hallucination_probe
QA_0298,National level badminton players ke liye kitna percent sports scholarship milta hai?,Code-Mixed,True,UNANSWERABLE,Insufficient information available in the provided documents.,,none,unanswerable_codemix,hallucination_probe
QA_0299,"Can anyone tell me, what is the scholarship percentage for national-level badminton players?",English,False,UNANSWERABLE,Insufficient information available in the provided documents.,,none,unanswerable_probe,hallucination_probe
QA_0300,Is it allowed that what is the scholarship percentage for national-level badminton players?,English,False,UNANSWERABLE,Insufficient information available in the provided documents.,,none,unanswerable_probe,hallucination_probe
QA_0301,What are the university rules if what is the scholarship percentage for national-level badminton players?,English,False,UNANSWERABLE,Insufficient information available in the provided documents.,,none,unanswerable_probe,hallucination_probe
QA_0302,Do we have any clause where what is the scholarship percentage for national-level badminton players?,English,False,UNANSWERABLE,Insufficient information available in the provided documents.,,none,unanswerable_probe,hallucination_probe
QA_0303,How much monthly stipend is provided by Bennett University to PhD students for NASA research projects?,English,False,UNANSWERABLE,Insufficient information available in the provided documents.,,none,unanswerable,hallucination_probe
QA_0304,नासा अनुसंधान परियोजनाओं के लिए पीएचडी छात्रों को कितना मासिक वजीफा (Stipend) दिया जाता है?,Indic,False,UNANSWERABLE,Insufficient information available in the provided documents.,,none,unanswerable_cross_lingual,hallucination_probe
QA_0305,NASA research projects ke liye PhD students ko kitna monthly stipend milta hai?,Code-Mixed,True,UNANSWERABLE,Insufficient information available in the provided documents.,,none,unanswerable_codemix,hallucination_probe
QA_0306,"Can anyone tell me, how much monthly stipend is provided by bennett university to phd students for nasa research projects?",English,False,UNANSWERABLE,Insufficient information available in the provided documents.,,none,unanswerable_probe,hallucination_probe
QA_0307,Is it allowed that how much monthly stipend is provided by bennett university to phd students for nasa research projects?,English,False,UNANSWERABLE,Insufficient information available in the provided documents.,,none,unanswerable_probe,hallucination_probe
QA_0308,What are the university rules if how much monthly stipend is provided by bennett university to phd students for nasa research projects?,English,False,UNANSWERABLE,Insufficient information available in the provided documents.,,none,unanswerable_probe,hallucination_probe
QA_0309,Do we have any clause where how much monthly stipend is provided by bennett university to phd students for nasa research projects?,English,False,UNANSWERABLE,Insufficient information available in the provided documents.,,none,unanswerable_probe,hallucination_probe
QA_0310,What is the procedure to get a free laptop from the university at the time of admission?,English,False,UNANSWERABLE,Insufficient information available in the provided documents.,,none,unanswerable,hallucination_probe
QA_0311,प्रवेश के समय विश्वविद्यालय से निःशुल्क लैपटॉप प्राप्त करने की क्या प्रक्रिया है?,Indic,False,UNANSWERABLE,Insufficient information available in the provided documents.,,none,unanswerable_cross_lingual,hallucination_probe
QA_0312,Admission ke time par free laptop lene ka kya procedure hai?,Code-Mixed,True,UNANSWERABLE,Insufficient information available in the provided documents.,,none,unanswerable_codemix,hallucination_probe
QA_0313,"Can anyone tell me, what is the procedure to get a free laptop from the university at the time of admission?",English,False,UNANSWERABLE,Insufficient information available in the provided documents.,,none,unanswerable_probe,hallucination_probe
QA_0314,Is it allowed that what is the procedure to get a free laptop from the university at the time of admission?,English,False,UNANSWERABLE,Insufficient information available in the provided documents.,,none,unanswerable_probe,hallucination_probe
QA_0315,What are the university rules if what is the procedure to get a free laptop from the university at the time of admission?,English,False,UNANSWERABLE,Insufficient information available in the provided documents.,,none,unanswerable_probe,hallucination_probe
QA_0316,Do we have any clause where what is the procedure to get a free laptop from the university at the time of admission?,English,False,UNANSWERABLE,Insufficient information available in the provided documents.,,none,unanswerable_probe,hallucination_probe
QA_0317,What is the fine for parking an electric scooter in front of the Vice Chancellor's bungalow?,English,False,UNANSWERABLE,Insufficient information available in the provided documents.,,none,unanswerable,hallucination_probe
QA_0318,कुलपति के बंगले के सामने इलेक्ट्रिक स्कूटर पार्क करने पर कितना जुर्माना है?,Indic,False,UNANSWERABLE,Insufficient information available in the provided documents.,,none,unanswerable_cross_lingual,hallucination_probe
QA_0319,VC ke bungalow ke samne electric scooter park karne par kitna fine lagta hai?,Code-Mixed,True,UNANSWERABLE,Insufficient information available in the provided documents.,,none,unanswerable_codemix,hallucination_probe
QA_0320,"Can anyone tell me, what is the fine for parking an electric scooter in front of the vice chancellor's bungalow?",English,False,UNANSWERABLE,Insufficient information available in the provided documents.,,none,unanswerable_probe,hallucination_probe
QA_0321,Is it allowed that what is the fine for parking an electric scooter in front of the vice chancellor's bungalow?,English,False,UNANSWERABLE,Insufficient information available in the provided documents.,,none,unanswerable_probe,hallucination_probe
QA_0322,What are the university rules if what is the fine for parking an electric scooter in front of the vice chancellor's bungalow?,English,False,UNANSWERABLE,Insufficient information available in the provided documents.,,none,unanswerable_probe,hallucination_probe
QA_0323,Do we have any clause where what is the fine for parking an electric scooter in front of the vice chancellor's bungalow?,English,False,UNANSWERABLE,Insufficient information available in the provided documents.,,none,unanswerable_probe,hallucination_probe
QA_0324,Can a student exchange their Bennett degree for an Oxford degree after 2 years?,English,False,UNANSWERABLE,Insufficient information available in the provided documents.,,none,unanswerable,hallucination_probe
QA_0325,क्या कोई छात्र 2 साल बाद अपनी बेनेट डिग्री को ऑक्सफोर्ड डिग्री से बदल सकता है?,Indic,False,UNANSWERABLE,Insufficient information available in the provided documents.,,none,unanswerable_cross_lingual,hallucination_probe
QA_0326,Kya student 2 saal baad Bennett degree ko Oxford degree se exchange kar sakta hai?,Code-Mixed,True,UNANSWERABLE,Insufficient information available in the provided documents.,,none,unanswerable_codemix,hallucination_probe
QA_0327,"Can anyone tell me, can a student exchange their bennett degree for an oxford degree after 2 years?",English,False,UNANSWERABLE,Insufficient information available in the provided documents.,,none,unanswerable_probe,hallucination_probe
QA_0328,Is it allowed that can a student exchange their bennett degree for an oxford degree after 2 years?,English,False,UNANSWERABLE,Insufficient information available in the provided documents.,,none,unanswerable_probe,hallucination_probe
QA_0329,What are the university rules if can a student exchange their bennett degree for an oxford degree after 2 years?,English,False,UNANSWERABLE,Insufficient information available in the provided documents.,,none,unanswerable_probe,hallucination_probe
QA_0330,Do we have any clause where can a student exchange their bennett degree for an oxford degree after 2 years?,English,False,UNANSWERABLE,Insufficient information available in the provided documents.,,none,unanswerable_probe,hallucination_probe
QA_0331,What is the fee refund policy if a student withdraws after completing 3 full years of study?,English,False,UNANSWERABLE,Insufficient information available in the provided documents.,,none,unanswerable,hallucination_probe
QA_0332,तीन पूरे शैक्षणिक वर्ष पूरे करने के बाद अध्ययन छोड़ने पर शुल्क वापसी की क्या नीति है?,Indic,False,UNANSWERABLE,Insufficient information available in the provided documents.,,none,unanswerable_cross_lingual,hallucination_probe
QA_0333,3 years complete karne ke baad drop lene par fees refund ka kya rule hai?,Code-Mixed,True,UNANSWERABLE,Insufficient information available in the provided documents.,,none,unanswerable_codemix,hallucination_probe
QA_0334,"Can anyone tell me, what is the fee refund policy if a student withdraws after completing 3 full years of study?",English,False,UNANSWERABLE,Insufficient information available in the provided documents.,,none,unanswerable_probe,hallucination_probe
QA_0335,Is it allowed that what is the fee refund policy if a student withdraws after completing 3 full years of study?,English,False,UNANSWERABLE,Insufficient information available in the provided documents.,,none,unanswerable_probe,hallucination_probe
QA_0336,What are the university rules if what is the fee refund policy if a student withdraws after completing 3 full years of study?,English,False,UNANSWERABLE,Insufficient information available in the provided documents.,,none,unanswerable_probe,hallucination_probe
QA_0337,Do we have any clause where what is the fee refund policy if a student withdraws after completing 3 full years of study?,English,False,UNANSWERABLE,Insufficient information available in the provided documents.,,none,unanswerable_probe,hallucination_probe
QA_0338,Are students permitted to operate private commercial food trucks on university campus?,English,False,UNANSWERABLE,Insufficient information available in the provided documents.,,none,unanswerable,hallucination_probe
QA_0339,क्या छात्रों को विश्वविद्यालय परिसर में निजी वाणिज्यिक फूड ट्रक चलाने की अनुमति है?,Indic,False,UNANSWERABLE,Insufficient information available in the provided documents.,,none,unanswerable_cross_lingual,hallucination_probe
QA_0340,Kya campus ke andar students ko private food truck chalane ki permission hai?,Code-Mixed,True,UNANSWERABLE,Insufficient information available in the provided documents.,,none,unanswerable_codemix,hallucination_probe
QA_0341,"Can anyone tell me, are students permitted to operate private commercial food trucks on university campus?",English,False,UNANSWERABLE,Insufficient information available in the provided documents.,,none,unanswerable_probe,hallucination_probe
QA_0342,Is it allowed that are students permitted to operate private commercial food trucks on university campus?,English,False,UNANSWERABLE,Insufficient information available in the provided documents.,,none,unanswerable_probe,hallucination_probe
QA_0343,What are the university rules if are students permitted to operate private commercial food trucks on university campus?,English,False,UNANSWERABLE,Insufficient information available in the provided documents.,,none,unanswerable_probe,hallucination_probe
QA_0344,Do we have any clause where are students permitted to operate private commercial food trucks on university campus?,English,False,UNANSWERABLE,Insufficient information available in the provided documents.,,none,unanswerable_probe,hallucination_probe
QA_0345,What is the scholarship discount for students whose parents are astronauts?,English,False,UNANSWERABLE,Insufficient information available in the provided documents.,,none,unanswerable,hallucination_probe
QA_0346,"जिन छात्रों के माता-पिता अंतरिक्ष यात्री (Astronaut) हैं, उनके लिए छात्रवृत्ति में कितनी छूट है?",Indic,False,UNANSWERABLE,Insufficient information available in the provided documents.,,none,unanswerable_cross_lingual,hallucination_probe
QA_0347,Jin students ke parents astronaut hain unke liye kitna scholarship discount hai?,Code-Mixed,True,UNANSWERABLE,Insufficient information available in the provided documents.,,none,unanswerable_codemix,hallucination_probe
QA_0348,"Can anyone tell me, what is the scholarship discount for students whose parents are astronauts?",English,False,UNANSWERABLE,Insufficient information available in the provided documents.,,none,unanswerable_probe,hallucination_probe
QA_0349,Is it allowed that what is the scholarship discount for students whose parents are astronauts?,English,False,UNANSWERABLE,Insufficient information available in the provided documents.,,none,unanswerable_probe,hallucination_probe
QA_0350,What are the university rules if what is the scholarship discount for students whose parents are astronauts?,English,False,UNANSWERABLE,Insufficient information available in the provided documents.,,none,unanswerable_probe,hallucination_probe
QA_0351,Do we have any clause where what is the scholarship discount for students whose parents are astronauts?,English,False,UNANSWERABLE,Insufficient information available in the provided documents.,,none,unanswerable_probe,hallucination_probe
QA_0352,How can a student apply for an Antarctic semester exchange program?,English,False,UNANSWERABLE,Insufficient information available in the provided documents.,,none,unanswerable,hallucination_probe
QA_0353,छात्र अंटार्कटिका सेमेस्टर एक्सचेंज प्रोग्राम के लिए कैसे आवेदन कर सकते हैं?,Indic,False,UNANSWERABLE,Insufficient information available in the provided documents.,,none,unanswerable_cross_lingual,hallucination_probe
QA_0354,Antarctica semester exchange program ke liye kaise apply karein?,Code-Mixed,True,UNANSWERABLE,Insufficient information available in the provided documents.,,none,unanswerable_codemix,hallucination_probe
QA_0355,"Can anyone tell me, how can a student apply for an antarctic semester exchange program?",English,False,UNANSWERABLE,Insufficient information available in the provided documents.,,none,unanswerable_probe,hallucination_probe
QA_0356,Is it allowed that how can a student apply for an antarctic semester exchange program?,English,False,UNANSWERABLE,Insufficient information available in the provided documents.,,none,unanswerable_probe,hallucination_probe
QA_0357,What are the university rules if how can a student apply for an antarctic semester exchange program?,English,False,UNANSWERABLE,Insufficient information available in the provided documents.,,none,unanswerable_probe,hallucination_probe
QA_0358,Do we have any clause where how can a student apply for an antarctic semester exchange program?,English,False,UNANSWERABLE,Insufficient information available in the provided documents.,,none,unanswerable_probe,hallucination_probe
